<?xml version="1.0" encoding="UTF-8"?>
<gpx xmlns="http://www.topografix.com/GPX/1/1" xmlns:gpxtpx="http://www.garmin.com/xmlschemas/TrackPointExtension/v1" xmlns:xsi="http://www.w3.org/2001/XMLSchema-instance" xsi:schemaLocation="http://www.topografix.com/GPX/1/1 http://www.topografix.com/GPX/1/1/gpx.xsd" version="1.1" creator="gpx.py -- https://github.com/tkrajina/gpxpy">
  <trk>
    <name>gpx from keep</name>
    <type>Run</type>
    <trkseg>
      <trkpt lat="27.89316161101479" lon="102.23230915619132">
        <ele>0.0</ele>
        <time>2026-05-03T15:30:59Z</time>
      </trkpt>
      <trkpt lat="27.893133596470225" lon="102.23229314311907">
        <ele>0.0</ele>
        <time>2026-05-03T15:31:00Z</time>
      </trkpt>
      <trkpt lat="27.893076573125022" lon="102.23227112570609">
        <ele>0.0</ele>
        <time>2026-05-03T15:31:02Z</time>
      </trkpt>
      <trkpt lat="27.893039556938053" lon="102.23225511289013">
        <ele>0.0</ele>
        <time>2026-05-03T15:31:03Z</time>
      </trkpt>
      <trkpt lat="27.893007542238433" lon="102.23224010078141">
        <ele>0.0</ele>
        <time>2026-05-03T15:31:04Z</time>
      </trkpt>
      <trkpt lat="27.892978523296826" lon="102.23221708156878">
        <ele>0.0</ele>
        <time>2026-05-03T15:31:05Z</time>
        <extensions>
          <gpxtpx:TrackPointExtension>
            <gpxtpx:hr>112</gpxtpx:hr>
          </gpxtpx:TrackPointExtension>
        </extensions>
      </trkpt>
      <trkpt lat="27.892952504876426" lon="102.23219406224031">
        <ele>0.0</ele>
        <time>2026-05-03T15:31:06Z</time>
        <extensions>
          <gpxtpx:TrackPointExtension>
            <gpxtpx:hr>112</gpxtpx:hr>
          </gpxtpx:TrackPointExtension>
        </extensions>
      </trkpt>
      <trkpt lat="27.892927487215648" lon="102.23217204373572">
        <ele>0.0</ele>
        <time>2026-05-03T15:31:07Z</time>
        <extensions>
          <gpxtpx:TrackPointExtension>
            <gpxtpx:hr>112</gpxtpx:hr>
          </gpxtpx:TrackPointExtension>
        </extensions>
      </trkpt>
      <trkpt lat="27.89290246893814" lon="102.23214902433297">
        <ele>0.0</ele>
        <time>2026-05-03T15:31:08Z</time>
        <extensions>
          <gpxtpx:TrackPointExtension>
            <gpxtpx:hr>112</gpxtpx:hr>
          </gpxtpx:TrackPointExtension>
        </extensions>
      </trkpt>
      <trkpt lat="27.89288544307518" lon="102.23211099146772">
        <ele>0.0</ele>
        <time>2026-05-03T15:31:09Z</time>
        <extensions>
          <gpxtpx:TrackPointExtension>
            <gpxtpx:hr>112</gpxtpx:hr>
          </gpxtpx:TrackPointExtension>
        </extensions>
      </trkpt>
      <trkpt lat="27.892874413422664" lon="102.23206495130356">
        <ele>0.0</ele>
        <time>2026-05-03T15:31:10Z</time>
        <extensions>
          <gpxtpx:TrackPointExtension>
            <gpxtpx:hr>112</gpxtpx:hr>
          </gpxtpx:TrackPointExtension>
        </extensions>
      </trkpt>
      <trkpt lat="27.892864383874063" lon="102.23201891102023">
        <ele>0.0</ele>
        <time>2026-05-03T15:31:11Z</time>
        <extensions>
          <gpxtpx:TrackPointExtension>
            <gpxtpx:hr>112</gpxtpx:hr>
          </gpxtpx:TrackPointExtension>
        </extensions>
      </trkpt>
      <trkpt lat="27.892862355689825" lon="102.23197287039878">
        <ele>0.0</ele>
        <time>2026-05-03T15:31:12Z</time>
        <extensions>
          <gpxtpx:TrackPointExtension>
            <gpxtpx:hr>112</gpxtpx:hr>
          </gpxtpx:TrackPointExtension>
        </extensions>
      </trkpt>
      <trkpt lat="27.89286833372765" lon="102.23193483653627">
        <ele>0.0</ele>
        <time>2026-05-03T15:31:13Z</time>
        <extensions>
          <gpxtpx:TrackPointExtension>
            <gpxtpx:hr>112</gpxtpx:hr>
          </gpxtpx:TrackPointExtension>
        </extensions>
      </trkpt>
      <trkpt lat="27.892883313334117" lon="102.23189680233226">
        <ele>0.0</ele>
        <time>2026-05-03T15:31:14Z</time>
        <extensions>
          <gpxtpx:TrackPointExtension>
            <gpxtpx:hr>112</gpxtpx:hr>
          </gpxtpx:TrackPointExtension>
        </extensions>
      </trkpt>
      <trkpt lat="27.892902293608955" lon="102.2318587679432">
        <ele>0.0</ele>
        <time>2026-05-03T15:31:15Z</time>
        <extensions>
          <gpxtpx:TrackPointExtension>
            <gpxtpx:hr>112</gpxtpx:hr>
          </gpxtpx:TrackPointExtension>
        </extensions>
      </trkpt>
      <trkpt lat="27.89292727491232" lon="102.23182073330652">
        <ele>0.0</ele>
        <time>2026-05-03T15:31:16Z</time>
        <extensions>
          <gpxtpx:TrackPointExtension>
            <gpxtpx:hr>117</gpxtpx:hr>
          </gpxtpx:TrackPointExtension>
        </extensions>
      </trkpt>
      <trkpt lat="27.892952260450677" lon="102.23178970486182">
        <ele>0.0</ele>
        <time>2026-05-03T15:31:17Z</time>
        <extensions>
          <gpxtpx:TrackPointExtension>
            <gpxtpx:hr>123</gpxtpx:hr>
          </gpxtpx:TrackPointExtension>
        </extensions>
      </trkpt>
      <trkpt lat="27.892971245487516" lon="102.23175967745927">
        <ele>0.0</ele>
        <time>2026-05-03T15:31:18Z</time>
        <extensions>
          <gpxtpx:TrackPointExtension>
            <gpxtpx:hr>127</gpxtpx:hr>
          </gpxtpx:TrackPointExtension>
        </extensions>
      </trkpt>
      <trkpt lat="27.89298822521531" lon="102.23172164291691">
        <ele>0.0</ele>
        <time>2026-05-03T15:31:19Z</time>
        <extensions>
          <gpxtpx:TrackPointExtension>
            <gpxtpx:hr>131</gpxtpx:hr>
          </gpxtpx:TrackPointExtension>
        </extensions>
      </trkpt>
      <trkpt lat="27.893006205071355" lon="102.23168360828343">
        <ele>0.0</ele>
        <time>2026-05-03T15:31:20Z</time>
        <extensions>
          <gpxtpx:TrackPointExtension>
            <gpxtpx:hr>133</gpxtpx:hr>
          </gpxtpx:TrackPointExtension>
        </extensions>
      </trkpt>
      <trkpt lat="27.893023184695515" lon="102.23164557362144">
        <ele>0.0</ele>
        <time>2026-05-03T15:31:21Z</time>
        <extensions>
          <gpxtpx:TrackPointExtension>
            <gpxtpx:hr>127</gpxtpx:hr>
          </gpxtpx:TrackPointExtension>
        </extensions>
      </trkpt>
      <trkpt lat="27.893042168958832" lon="102.23161454513966">
        <ele>0.0</ele>
        <time>2026-05-03T15:31:22Z</time>
        <extensions>
          <gpxtpx:TrackPointExtension>
            <gpxtpx:hr>124</gpxtpx:hr>
          </gpxtpx:TrackPointExtension>
        </extensions>
      </trkpt>
      <trkpt lat="27.893061148849117" lon="102.23157651030648">
        <ele>0.0</ele>
        <time>2026-05-03T15:31:23Z</time>
        <extensions>
          <gpxtpx:TrackPointExtension>
            <gpxtpx:hr>129</gpxtpx:hr>
          </gpxtpx:TrackPointExtension>
        </extensions>
      </trkpt>
      <trkpt lat="27.893082129047794" lon="102.23153847535096">
        <ele>0.0</ele>
        <time>2026-05-03T15:31:24Z</time>
        <extensions>
          <gpxtpx:TrackPointExtension>
            <gpxtpx:hr>130</gpxtpx:hr>
          </gpxtpx:TrackPointExtension>
        </extensions>
      </trkpt>
      <trkpt lat="27.893103113552385" lon="102.23150744666928">
        <ele>0.0</ele>
        <time>2026-05-03T15:31:25Z</time>
        <extensions>
          <gpxtpx:TrackPointExtension>
            <gpxtpx:hr>126</gpxtpx:hr>
          </gpxtpx:TrackPointExtension>
        </extensions>
      </trkpt>
      <trkpt lat="27.89312809437745" lon="102.23146941148006">
        <ele>0.0</ele>
        <time>2026-05-03T15:31:26Z</time>
        <extensions>
          <gpxtpx:TrackPointExtension>
            <gpxtpx:hr>125</gpxtpx:hr>
          </gpxtpx:TrackPointExtension>
        </extensions>
      </trkpt>
      <trkpt lat="27.893145078709956" lon="102.23143938374255">
        <ele>0.0</ele>
        <time>2026-05-03T15:31:27Z</time>
        <extensions>
          <gpxtpx:TrackPointExtension>
            <gpxtpx:hr>125</gpxtpx:hr>
          </gpxtpx:TrackPointExtension>
        </extensions>
      </trkpt>
      <trkpt lat="27.89315406094363" lon="102.23140835530941">
        <ele>0.0</ele>
        <time>2026-05-03T15:31:28Z</time>
        <extensions>
          <gpxtpx:TrackPointExtension>
            <gpxtpx:hr>132</gpxtpx:hr>
          </gpxtpx:TrackPointExtension>
        </extensions>
      </trkpt>
      <trkpt lat="27.893158047257746" lon="102.23138533427195">
        <ele>0.0</ele>
        <time>2026-05-03T15:31:29Z</time>
        <extensions>
          <gpxtpx:TrackPointExtension>
            <gpxtpx:hr>131</gpxtpx:hr>
          </gpxtpx:TrackPointExtension>
        </extensions>
      </trkpt>
      <trkpt lat="27.893164029519056" lon="102.23135530677443">
        <ele>0.0</ele>
        <time>2026-05-03T15:31:30Z</time>
        <extensions>
          <gpxtpx:TrackPointExtension>
            <gpxtpx:hr>133</gpxtpx:hr>
          </gpxtpx:TrackPointExtension>
        </extensions>
      </trkpt>
      <trkpt lat="27.89317401183955" lon="102.23132427820237">
        <ele>0.0</ele>
        <time>2026-05-03T15:31:31Z</time>
        <extensions>
          <gpxtpx:TrackPointExtension>
            <gpxtpx:hr>135</gpxtpx:hr>
          </gpxtpx:TrackPointExtension>
        </extensions>
      </trkpt>
      <trkpt lat="27.89318900069521" lon="102.231302257654">
        <ele>0.0</ele>
        <time>2026-05-03T15:31:32Z</time>
        <extensions>
          <gpxtpx:TrackPointExtension>
            <gpxtpx:hr>134</gpxtpx:hr>
          </gpxtpx:TrackPointExtension>
        </extensions>
      </trkpt>
      <trkpt lat="27.893201983497164" lon="102.23127122892014">
        <ele>0.0</ele>
        <time>2026-05-03T15:31:33Z</time>
        <extensions>
          <gpxtpx:TrackPointExtension>
            <gpxtpx:hr>139</gpxtpx:hr>
          </gpxtpx:TrackPointExtension>
        </extensions>
      </trkpt>
      <trkpt lat="27.89321597149937" lon="102.23124820743955">
        <ele>0.0</ele>
        <time>2026-05-03T15:31:34Z</time>
        <extensions>
          <gpxtpx:TrackPointExtension>
            <gpxtpx:hr>137</gpxtpx:hr>
          </gpxtpx:TrackPointExtension>
        </extensions>
      </trkpt>
      <trkpt lat="27.893228954874207" lon="102.23121817955318">
        <ele>0.0</ele>
        <time>2026-05-03T15:31:35Z</time>
        <extensions>
          <gpxtpx:TrackPointExtension>
            <gpxtpx:hr>135</gpxtpx:hr>
          </gpxtpx:TrackPointExtension>
        </extensions>
      </trkpt>
      <trkpt lat="27.89324194265273" lon="102.23119515805354">
        <ele>0.0</ele>
        <time>2026-05-03T15:31:36Z</time>
        <extensions>
          <gpxtpx:TrackPointExtension>
            <gpxtpx:hr>134</gpxtpx:hr>
          </gpxtpx:TrackPointExtension>
        </extensions>
      </trkpt>
      <trkpt lat="27.89325393023225" lon="102.23117213656334">
        <ele>0.0</ele>
        <time>2026-05-03T15:31:37Z</time>
        <extensions>
          <gpxtpx:TrackPointExtension>
            <gpxtpx:hr>136</gpxtpx:hr>
          </gpxtpx:TrackPointExtension>
        </extensions>
      </trkpt>
      <trkpt lat="27.89326291280519" lon="102.231142108708">
        <ele>0.0</ele>
        <time>2026-05-03T15:31:38Z</time>
        <extensions>
          <gpxtpx:TrackPointExtension>
            <gpxtpx:hr>137</gpxtpx:hr>
          </gpxtpx:TrackPointExtension>
        </extensions>
      </trkpt>
      <trkpt lat="27.8932708945293" lon="102.23111107992581">
        <ele>0.0</ele>
        <time>2026-05-03T15:31:39Z</time>
        <extensions>
          <gpxtpx:TrackPointExtension>
            <gpxtpx:hr>136</gpxtpx:hr>
          </gpxtpx:TrackPointExtension>
        </extensions>
      </trkpt>
      <trkpt lat="27.89328388221986" lon="102.23108805832459">
        <ele>0.0</ele>
        <time>2026-05-03T15:31:40Z</time>
        <extensions>
          <gpxtpx:TrackPointExtension>
            <gpxtpx:hr>136</gpxtpx:hr>
          </gpxtpx:TrackPointExtension>
        </extensions>
      </trkpt>
      <trkpt lat="27.893297860494307" lon="102.23105002282182">
        <ele>0.0</ele>
        <time>2026-05-03T15:31:41Z</time>
        <extensions>
          <gpxtpx:TrackPointExtension>
            <gpxtpx:hr>136</gpxtpx:hr>
          </gpxtpx:TrackPointExtension>
        </extensions>
      </trkpt>
      <trkpt lat="27.893304842576246" lon="102.23101999487807">
        <ele>0.0</ele>
        <time>2026-05-03T15:31:42Z</time>
        <extensions>
          <gpxtpx:TrackPointExtension>
            <gpxtpx:hr>136</gpxtpx:hr>
          </gpxtpx:TrackPointExtension>
        </extensions>
      </trkpt>
      <trkpt lat="27.893318825245807" lon="102.2309889657521">
        <ele>0.0</ele>
        <time>2026-05-03T15:31:43Z</time>
        <extensions>
          <gpxtpx:TrackPointExtension>
            <gpxtpx:hr>137</gpxtpx:hr>
          </gpxtpx:TrackPointExtension>
        </extensions>
      </trkpt>
      <trkpt lat="27.893335809063377" lon="102.23095893741996">
        <ele>0.0</ele>
        <time>2026-05-03T15:31:44Z</time>
        <extensions>
          <gpxtpx:TrackPointExtension>
            <gpxtpx:hr>137</gpxtpx:hr>
          </gpxtpx:TrackPointExtension>
        </extensions>
      </trkpt>
      <trkpt lat="27.8933527973495" lon="102.23093591554938">
        <ele>0.0</ele>
        <time>2026-05-03T15:31:45Z</time>
        <extensions>
          <gpxtpx:TrackPointExtension>
            <gpxtpx:hr>137</gpxtpx:hr>
          </gpxtpx:TrackPointExtension>
        </extensions>
      </trkpt>
      <trkpt lat="27.893369780466426" lon="102.23090488622219">
        <ele>0.0</ele>
        <time>2026-05-03T15:31:46Z</time>
        <extensions>
          <gpxtpx:TrackPointExtension>
            <gpxtpx:hr>138</gpxtpx:hr>
          </gpxtpx:TrackPointExtension>
        </extensions>
      </trkpt>
      <trkpt lat="27.893385768528148" lon="102.23088186433172">
        <ele>0.0</ele>
        <time>2026-05-03T15:31:47Z</time>
        <extensions>
          <gpxtpx:TrackPointExtension>
            <gpxtpx:hr>138</gpxtpx:hr>
          </gpxtpx:TrackPointExtension>
        </extensions>
      </trkpt>
      <trkpt lat="27.893400751870995" lon="102.23085183592988">
        <ele>0.0</ele>
        <time>2026-05-03T15:31:48Z</time>
        <extensions>
          <gpxtpx:TrackPointExtension>
            <gpxtpx:hr>138</gpxtpx:hr>
          </gpxtpx:TrackPointExtension>
        </extensions>
      </trkpt>
      <trkpt lat="27.893413734174622" lon="102.2308208066206">
        <ele>0.0</ele>
        <time>2026-05-03T15:31:49Z</time>
        <extensions>
          <gpxtpx:TrackPointExtension>
            <gpxtpx:hr>140</gpxtpx:hr>
          </gpxtpx:TrackPointExtension>
        </extensions>
      </trkpt>
      <trkpt lat="27.89343071781242" lon="102.2307907780808">
        <ele>0.0</ele>
        <time>2026-05-03T15:31:50Z</time>
        <extensions>
          <gpxtpx:TrackPointExtension>
            <gpxtpx:hr>140</gpxtpx:hr>
          </gpxtpx:TrackPointExtension>
        </extensions>
      </trkpt>
      <trkpt lat="27.89344870094916" lon="102.23075974853717">
        <ele>0.0</ele>
        <time>2026-05-03T15:31:51Z</time>
        <extensions>
          <gpxtpx:TrackPointExtension>
            <gpxtpx:hr>141</gpxtpx:hr>
          </gpxtpx:TrackPointExtension>
        </extensions>
      </trkpt>
      <trkpt lat="27.89346768488197" lon="102.23072971985944">
        <ele>0.0</ele>
        <time>2026-05-03T15:31:52Z</time>
        <extensions>
          <gpxtpx:TrackPointExtension>
            <gpxtpx:hr>140</gpxtpx:hr>
          </gpxtpx:TrackPointExtension>
        </extensions>
      </trkpt>
      <trkpt lat="27.89348866914294" lon="102.23069969108208">
        <ele>0.0</ele>
        <time>2026-05-03T15:31:53Z</time>
        <extensions>
          <gpxtpx:TrackPointExtension>
            <gpxtpx:hr>140</gpxtpx:hr>
          </gpxtpx:TrackPointExtension>
        </extensions>
      </trkpt>
      <trkpt lat="27.893503646418893" lon="102.2306606540011">
        <ele>0.0</ele>
        <time>2026-05-03T15:31:54Z</time>
        <extensions>
          <gpxtpx:TrackPointExtension>
            <gpxtpx:hr>145</gpxtpx:hr>
          </gpxtpx:TrackPointExtension>
        </extensions>
      </trkpt>
      <trkpt lat="27.893511623033866" lon="102.23062261801778">
        <ele>0.0</ele>
        <time>2026-05-03T15:31:55Z</time>
        <extensions>
          <gpxtpx:TrackPointExtension>
            <gpxtpx:hr>145</gpxtpx:hr>
          </gpxtpx:TrackPointExtension>
        </extensions>
      </trkpt>
      <trkpt lat="27.89352260013775" lon="102.23058458188119">
        <ele>0.0</ele>
        <time>2026-05-03T15:31:56Z</time>
        <extensions>
          <gpxtpx:TrackPointExtension>
            <gpxtpx:hr>145</gpxtpx:hr>
          </gpxtpx:TrackPointExtension>
        </extensions>
      </trkpt>
      <trkpt lat="27.893537583163123" lon="102.23055455311271">
        <ele>0.0</ele>
        <time>2026-05-03T15:31:57Z</time>
        <extensions>
          <gpxtpx:TrackPointExtension>
            <gpxtpx:hr>146</gpxtpx:hr>
          </gpxtpx:TrackPointExtension>
        </extensions>
      </trkpt>
      <trkpt lat="27.893555566039325" lon="102.23052352326818">
        <ele>0.0</ele>
        <time>2026-05-03T15:31:58Z</time>
        <extensions>
          <gpxtpx:TrackPointExtension>
            <gpxtpx:hr>145</gpxtpx:hr>
          </gpxtpx:TrackPointExtension>
        </extensions>
      </trkpt>
      <trkpt lat="27.89357254409001" lon="102.23048548678919">
        <ele>0.0</ele>
        <time>2026-05-03T15:31:59Z</time>
        <extensions>
          <gpxtpx:TrackPointExtension>
            <gpxtpx:hr>146</gpxtpx:hr>
          </gpxtpx:TrackPointExtension>
        </extensions>
      </trkpt>
      <trkpt lat="27.893587527009714" lon="102.23045545789867">
        <ele>0.0</ele>
        <time>2026-05-03T15:32:00Z</time>
        <extensions>
          <gpxtpx:TrackPointExtension>
            <gpxtpx:hr>148</gpxtpx:hr>
          </gpxtpx:TrackPointExtension>
        </extensions>
      </trkpt>
      <trkpt lat="27.893602504608246" lon="102.23041742137616">
        <ele>0.0</ele>
        <time>2026-05-03T15:32:01Z</time>
        <extensions>
          <gpxtpx:TrackPointExtension>
            <gpxtpx:hr>148</gpxtpx:hr>
          </gpxtpx:TrackPointExtension>
        </extensions>
      </trkpt>
      <trkpt lat="27.893621487513535" lon="102.23038639132587">
        <ele>0.0</ele>
        <time>2026-05-03T15:32:02Z</time>
        <extensions>
          <gpxtpx:TrackPointExtension>
            <gpxtpx:hr>148</gpxtpx:hr>
          </gpxtpx:TrackPointExtension>
        </extensions>
      </trkpt>
      <trkpt lat="27.893642471408402" lon="102.2303563621256">
        <ele>0.0</ele>
        <time>2026-05-03T15:32:03Z</time>
        <extensions>
          <gpxtpx:TrackPointExtension>
            <gpxtpx:hr>149</gpxtpx:hr>
          </gpxtpx:TrackPointExtension>
        </extensions>
      </trkpt>
      <trkpt lat="27.893663454606763" lon="102.23032533193509">
        <ele>0.0</ele>
        <time>2026-05-03T15:32:04Z</time>
        <extensions>
          <gpxtpx:TrackPointExtension>
            <gpxtpx:hr>149</gpxtpx:hr>
          </gpxtpx:TrackPointExtension>
        </extensions>
      </trkpt>
      <trkpt lat="27.893681432570112" lon="102.23028729511591">
        <ele>0.0</ele>
        <time>2026-05-03T15:32:05Z</time>
        <extensions>
          <gpxtpx:TrackPointExtension>
            <gpxtpx:hr>148</gpxtpx:hr>
          </gpxtpx:TrackPointExtension>
        </extensions>
      </trkpt>
      <trkpt lat="27.89370041533226" lon="102.23025626490025">
        <ele>0.0</ele>
        <time>2026-05-03T15:32:06Z</time>
        <extensions>
          <gpxtpx:TrackPointExtension>
            <gpxtpx:hr>147</gpxtpx:hr>
          </gpxtpx:TrackPointExtension>
        </extensions>
      </trkpt>
      <trkpt lat="27.89371739836812" lon="102.23022623566519">
        <ele>0.0</ele>
        <time>2026-05-03T15:32:07Z</time>
        <extensions>
          <gpxtpx:TrackPointExtension>
            <gpxtpx:hr>147</gpxtpx:hr>
          </gpxtpx:TrackPointExtension>
        </extensions>
      </trkpt>
      <trkpt lat="27.893728379622086" lon="102.23019520562238">
        <ele>0.0</ele>
        <time>2026-05-03T15:32:08Z</time>
        <extensions>
          <gpxtpx:TrackPointExtension>
            <gpxtpx:hr>148</gpxtpx:hr>
          </gpxtpx:TrackPointExtension>
        </extensions>
      </trkpt>
      <trkpt lat="27.8937423620526" lon="102.23016517640619">
        <ele>0.0</ele>
        <time>2026-05-03T15:32:09Z</time>
        <extensions>
          <gpxtpx:TrackPointExtension>
            <gpxtpx:hr>150</gpxtpx:hr>
          </gpxtpx:TrackPointExtension>
        </extensions>
      </trkpt>
      <trkpt lat="27.89375934968987" lon="102.23014215378598">
        <ele>0.0</ele>
        <time>2026-05-03T15:32:10Z</time>
        <extensions>
          <gpxtpx:TrackPointExtension>
            <gpxtpx:hr>149</gpxtpx:hr>
          </gpxtpx:TrackPointExtension>
        </extensions>
      </trkpt>
      <trkpt lat="27.893780338028925" lon="102.23011913101888">
        <ele>0.0</ele>
        <time>2026-05-03T15:32:11Z</time>
        <extensions>
          <gpxtpx:TrackPointExtension>
            <gpxtpx:hr>149</gpxtpx:hr>
          </gpxtpx:TrackPointExtension>
        </extensions>
      </trkpt>
      <trkpt lat="27.89380132634924" lon="102.23009610823011">
        <ele>0.0</ele>
        <time>2026-05-03T15:32:12Z</time>
        <extensions>
          <gpxtpx:TrackPointExtension>
            <gpxtpx:hr>150</gpxtpx:hr>
          </gpxtpx:TrackPointExtension>
        </extensions>
      </trkpt>
      <trkpt lat="27.89382431029567" lon="102.2300660786105">
        <ele>0.0</ele>
        <time>2026-05-03T15:32:13Z</time>
        <extensions>
          <gpxtpx:TrackPointExtension>
            <gpxtpx:hr>150</gpxtpx:hr>
          </gpxtpx:TrackPointExtension>
        </extensions>
      </trkpt>
      <trkpt lat="27.89384529857281" lon="102.2300430557718">
        <ele>0.0</ele>
        <time>2026-05-03T15:32:14Z</time>
        <extensions>
          <gpxtpx:TrackPointExtension>
            <gpxtpx:hr>150</gpxtpx:hr>
          </gpxtpx:TrackPointExtension>
        </extensions>
      </trkpt>
      <trkpt lat="27.89386829259348" lon="102.23002804057408">
        <ele>0.0</ele>
        <time>2026-05-03T15:32:15Z</time>
        <extensions>
          <gpxtpx:TrackPointExtension>
            <gpxtpx:hr>149</gpxtpx:hr>
          </gpxtpx:TrackPointExtension>
        </extensions>
      </trkpt>
      <trkpt lat="27.89389429187524" lon="102.23002003203496">
        <ele>0.0</ele>
        <time>2026-05-03T15:32:16Z</time>
        <extensions>
          <gpxtpx:TrackPointExtension>
            <gpxtpx:hr>149</gpxtpx:hr>
          </gpxtpx:TrackPointExtension>
        </extensions>
      </trkpt>
      <trkpt lat="27.89392328696465" lon="102.23000501663529">
        <ele>0.0</ele>
        <time>2026-05-03T15:32:17Z</time>
        <extensions>
          <gpxtpx:TrackPointExtension>
            <gpxtpx:hr>150</gpxtpx:hr>
          </gpxtpx:TrackPointExtension>
        </extensions>
      </trkpt>
      <trkpt lat="27.89394828132555" lon="102.22999000135161">
        <ele>0.0</ele>
        <time>2026-05-03T15:32:18Z</time>
        <extensions>
          <gpxtpx:TrackPointExtension>
            <gpxtpx:hr>149</gpxtpx:hr>
          </gpxtpx:TrackPointExtension>
        </extensions>
      </trkpt>
      <trkpt lat="27.893973275001517" lon="102.22997398509104">
        <ele>0.0</ele>
        <time>2026-05-03T15:32:19Z</time>
        <extensions>
          <gpxtpx:TrackPointExtension>
            <gpxtpx:hr>149</gpxtpx:hr>
          </gpxtpx:TrackPointExtension>
        </extensions>
      </trkpt>
      <trkpt lat="27.893999269526176" lon="102.229958969757">
        <ele>0.0</ele>
        <time>2026-05-03T15:32:20Z</time>
        <extensions>
          <gpxtpx:TrackPointExtension>
            <gpxtpx:hr>149</gpxtpx:hr>
          </gpxtpx:TrackPointExtension>
        </extensions>
      </trkpt>
      <trkpt lat="27.894026269646602" lon="102.2299519621326">
        <ele>0.0</ele>
        <time>2026-05-03T15:32:21Z</time>
        <extensions>
          <gpxtpx:TrackPointExtension>
            <gpxtpx:hr>149</gpxtpx:hr>
          </gpxtpx:TrackPointExtension>
        </extensions>
      </trkpt>
      <trkpt lat="27.894055269447602" lon="102.22994395347469">
        <ele>0.0</ele>
        <time>2026-05-03T15:32:22Z</time>
        <extensions>
          <gpxtpx:TrackPointExtension>
            <gpxtpx:hr>150</gpxtpx:hr>
          </gpxtpx:TrackPointExtension>
        </extensions>
      </trkpt>
      <trkpt lat="27.89407927919493" lon="102.22995196047354">
        <ele>0.0</ele>
        <time>2026-05-03T15:32:23Z</time>
        <extensions>
          <gpxtpx:TrackPointExtension>
            <gpxtpx:hr>150</gpxtpx:hr>
          </gpxtpx:TrackPointExtension>
        </extensions>
      </trkpt>
      <trkpt lat="27.894102293501618" lon="102.22996697427804">
        <ele>0.0</ele>
        <time>2026-05-03T15:32:24Z</time>
        <extensions>
          <gpxtpx:TrackPointExtension>
            <gpxtpx:hr>150</gpxtpx:hr>
          </gpxtpx:TrackPointExtension>
        </extensions>
      </trkpt>
      <trkpt lat="27.894121307079722" lon="102.22998198819853">
        <ele>0.0</ele>
        <time>2026-05-03T15:32:25Z</time>
        <extensions>
          <gpxtpx:TrackPointExtension>
            <gpxtpx:hr>150</gpxtpx:hr>
          </gpxtpx:TrackPointExtension>
        </extensions>
      </trkpt>
      <trkpt lat="27.894140310502817" lon="102.22998198760376">
        <ele>0.0</ele>
        <time>2026-05-03T15:32:26Z</time>
        <extensions>
          <gpxtpx:TrackPointExtension>
            <gpxtpx:hr>150</gpxtpx:hr>
          </gpxtpx:TrackPointExtension>
        </extensions>
      </trkpt>
      <trkpt lat="27.894161308871247" lon="102.2299739792061">
        <ele>0.0</ele>
        <time>2026-05-03T15:32:27Z</time>
        <extensions>
          <gpxtpx:TrackPointExtension>
            <gpxtpx:hr>150</gpxtpx:hr>
          </gpxtpx:TrackPointExtension>
        </extensions>
      </trkpt>
      <trkpt lat="27.89418230791473" lon="102.22996697177379">
        <ele>0.0</ele>
        <time>2026-05-03T15:32:28Z</time>
        <extensions>
          <gpxtpx:TrackPointExtension>
            <gpxtpx:hr>151</gpxtpx:hr>
          </gpxtpx:TrackPointExtension>
        </extensions>
      </trkpt>
      <trkpt lat="27.89419831553742" lon="102.22997397804788">
        <ele>0.0</ele>
        <time>2026-05-03T15:32:29Z</time>
        <extensions>
          <gpxtpx:TrackPointExtension>
            <gpxtpx:hr>151</gpxtpx:hr>
          </gpxtpx:TrackPointExtension>
        </extensions>
      </trkpt>
      <trkpt lat="27.894219330148744" lon="102.22998999286855">
        <ele>0.0</ele>
        <time>2026-05-03T15:32:30Z</time>
        <extensions>
          <gpxtpx:TrackPointExtension>
            <gpxtpx:hr>151</gpxtpx:hr>
          </gpxtpx:TrackPointExtension>
        </extensions>
      </trkpt>
      <trkpt lat="27.894240338666627" lon="102.22999699897954">
        <ele>0.0</ele>
        <time>2026-05-03T15:32:31Z</time>
        <extensions>
          <gpxtpx:TrackPointExtension>
            <gpxtpx:hr>151</gpxtpx:hr>
          </gpxtpx:TrackPointExtension>
        </extensions>
      </trkpt>
      <trkpt lat="27.894262348038914" lon="102.23000500602367">
        <ele>0.0</ele>
        <time>2026-05-03T15:32:32Z</time>
        <extensions>
          <gpxtpx:TrackPointExtension>
            <gpxtpx:hr>151</gpxtpx:hr>
          </gpxtpx:TrackPointExtension>
        </extensions>
      </trkpt>
      <trkpt lat="27.894283357228797" lon="102.23001301309651">
        <ele>0.0</ele>
        <time>2026-05-03T15:32:33Z</time>
        <extensions>
          <gpxtpx:TrackPointExtension>
            <gpxtpx:hr>151</gpxtpx:hr>
          </gpxtpx:TrackPointExtension>
        </extensions>
      </trkpt>
      <trkpt lat="27.894306371503394" lon="102.2300280268636">
        <ele>0.0</ele>
        <time>2026-05-03T15:32:34Z</time>
        <extensions>
          <gpxtpx:TrackPointExtension>
            <gpxtpx:hr>152</gpxtpx:hr>
          </gpxtpx:TrackPointExtension>
        </extensions>
      </trkpt>
      <trkpt lat="27.894329380372337" lon="102.2300350329011">
        <ele>0.0</ele>
        <time>2026-05-03T15:32:35Z</time>
        <extensions>
          <gpxtpx:TrackPointExtension>
            <gpxtpx:hr>152</gpxtpx:hr>
          </gpxtpx:TrackPointExtension>
        </extensions>
      </trkpt>
      <trkpt lat="27.89435639603034" lon="102.23005104749403">
        <ele>0.0</ele>
        <time>2026-05-03T15:32:36Z</time>
        <extensions>
          <gpxtpx:TrackPointExtension>
            <gpxtpx:hr>152</gpxtpx:hr>
          </gpxtpx:TrackPointExtension>
        </extensions>
      </trkpt>
      <trkpt lat="27.89438340561438" lon="102.23005805339974">
        <ele>0.0</ele>
        <time>2026-05-03T15:32:37Z</time>
        <extensions>
          <gpxtpx:TrackPointExtension>
            <gpxtpx:hr>152</gpxtpx:hr>
          </gpxtpx:TrackPointExtension>
        </extensions>
      </trkpt>
      <trkpt lat="27.894407415329965" lon="102.23006606036131">
        <ele>0.0</ele>
        <time>2026-05-03T15:32:38Z</time>
        <extensions>
          <gpxtpx:TrackPointExtension>
            <gpxtpx:hr>153</gpxtpx:hr>
          </gpxtpx:TrackPointExtension>
        </extensions>
      </trkpt>
      <trkpt lat="27.894434425583878" lon="102.23007406722637">
        <ele>0.0</ele>
        <time>2026-05-03T15:32:39Z</time>
        <extensions>
          <gpxtpx:TrackPointExtension>
            <gpxtpx:hr>153</gpxtpx:hr>
          </gpxtpx:TrackPointExtension>
        </extensions>
      </trkpt>
      <trkpt lat="27.89446144054703" lon="102.2300890808308">
        <ele>0.0</ele>
        <time>2026-05-03T15:32:40Z</time>
        <extensions>
          <gpxtpx:TrackPointExtension>
            <gpxtpx:hr>153</gpxtpx:hr>
          </gpxtpx:TrackPointExtension>
        </extensions>
      </trkpt>
      <trkpt lat="27.894489455682443" lon="102.23010409439472">
        <ele>0.0</ele>
        <time>2026-05-03T15:32:41Z</time>
        <extensions>
          <gpxtpx:TrackPointExtension>
            <gpxtpx:hr>152</gpxtpx:hr>
          </gpxtpx:TrackPointExtension>
        </extensions>
      </trkpt>
      <trkpt lat="27.894520471350507" lon="102.23011910785553">
        <ele>0.0</ele>
        <time>2026-05-03T15:32:42Z</time>
        <extensions>
          <gpxtpx:TrackPointExtension>
            <gpxtpx:hr>152</gpxtpx:hr>
          </gpxtpx:TrackPointExtension>
        </extensions>
      </trkpt>
      <trkpt lat="27.89455048213019" lon="102.23012711460932">
        <ele>0.0</ele>
        <time>2026-05-03T15:32:43Z</time>
        <extensions>
          <gpxtpx:TrackPointExtension>
            <gpxtpx:hr>152</gpxtpx:hr>
          </gpxtpx:TrackPointExtension>
        </extensions>
      </trkpt>
      <trkpt lat="27.894579502793093" lon="102.23015013580392">
        <ele>0.0</ele>
        <time>2026-05-03T15:32:44Z</time>
        <extensions>
          <gpxtpx:TrackPointExtension>
            <gpxtpx:hr>151</gpxtpx:hr>
          </gpxtpx:TrackPointExtension>
        </extensions>
      </trkpt>
      <trkpt lat="27.894607517896272" lon="102.23016514933039">
        <ele>0.0</ele>
        <time>2026-05-03T15:32:45Z</time>
        <extensions>
          <gpxtpx:TrackPointExtension>
            <gpxtpx:hr>151</gpxtpx:hr>
          </gpxtpx:TrackPointExtension>
        </extensions>
      </trkpt>
      <trkpt lat="27.894636533171727" lon="102.23018016281635">
        <ele>0.0</ele>
        <time>2026-05-03T15:32:46Z</time>
        <extensions>
          <gpxtpx:TrackPointExtension>
            <gpxtpx:hr>151</gpxtpx:hr>
          </gpxtpx:TrackPointExtension>
        </extensions>
      </trkpt>
      <trkpt lat="27.894667549468817" lon="102.2301961771891">
        <ele>0.0</ele>
        <time>2026-05-03T15:32:47Z</time>
        <extensions>
          <gpxtpx:TrackPointExtension>
            <gpxtpx:hr>152</gpxtpx:hr>
          </gpxtpx:TrackPointExtension>
        </extensions>
      </trkpt>
      <trkpt lat="27.894689558116433" lon="102.2302031832098">
        <ele>0.0</ele>
        <time>2026-05-03T15:32:48Z</time>
        <extensions>
          <gpxtpx:TrackPointExtension>
            <gpxtpx:hr>152</gpxtpx:hr>
          </gpxtpx:TrackPointExtension>
        </extensions>
      </trkpt>
      <trkpt lat="27.894720573732233" lon="102.23021819660978">
        <ele>0.0</ele>
        <time>2026-05-03T15:32:49Z</time>
        <extensions>
          <gpxtpx:TrackPointExtension>
            <gpxtpx:hr>152</gpxtpx:hr>
          </gpxtpx:TrackPointExtension>
        </extensions>
      </trkpt>
      <trkpt lat="27.894743583222773" lon="102.23022620355027">
        <ele>0.0</ele>
        <time>2026-05-03T15:32:50Z</time>
        <extensions>
          <gpxtpx:TrackPointExtension>
            <gpxtpx:hr>151</gpxtpx:hr>
          </gpxtpx:TrackPointExtension>
        </extensions>
      </trkpt>
      <trkpt lat="27.894770588088445" lon="102.23022620270513">
        <ele>0.0</ele>
        <time>2026-05-03T15:32:51Z</time>
        <extensions>
          <gpxtpx:TrackPointExtension>
            <gpxtpx:hr>151</gpxtpx:hr>
          </gpxtpx:TrackPointExtension>
        </extensions>
      </trkpt>
      <trkpt lat="27.894790601709833" lon="102.2302412164353">
        <ele>0.0</ele>
        <time>2026-05-03T15:32:52Z</time>
        <extensions>
          <gpxtpx:TrackPointExtension>
            <gpxtpx:hr>152</gpxtpx:hr>
          </gpxtpx:TrackPointExtension>
        </extensions>
      </trkpt>
      <trkpt lat="27.89481162083842" lon="102.23026423777293">
        <ele>0.0</ele>
        <time>2026-05-03T15:32:53Z</time>
        <extensions>
          <gpxtpx:TrackPointExtension>
            <gpxtpx:hr>152</gpxtpx:hr>
          </gpxtpx:TrackPointExtension>
        </extensions>
      </trkpt>
      <trkpt lat="27.894830644913956" lon="102.23029526678927">
        <ele>0.0</ele>
        <time>2026-05-03T15:32:54Z</time>
        <extensions>
          <gpxtpx:TrackPointExtension>
            <gpxtpx:hr>152</gpxtpx:hr>
          </gpxtpx:TrackPointExtension>
        </extensions>
      </trkpt>
      <trkpt lat="27.894853669011688" lon="102.23032529468769">
        <ele>0.0</ele>
        <time>2026-05-03T15:32:55Z</time>
        <extensions>
          <gpxtpx:TrackPointExtension>
            <gpxtpx:hr>151</gpxtpx:hr>
          </gpxtpx:TrackPointExtension>
        </extensions>
      </trkpt>
      <trkpt lat="27.894878683481522" lon="102.2303403082005">
        <ele>0.0</ele>
        <time>2026-05-03T15:32:56Z</time>
        <extensions>
          <gpxtpx:TrackPointExtension>
            <gpxtpx:hr>151</gpxtpx:hr>
          </gpxtpx:TrackPointExtension>
        </extensions>
      </trkpt>
      <trkpt lat="27.894905693658526" lon="102.23034831497577">
        <ele>0.0</ele>
        <time>2026-05-03T15:32:57Z</time>
        <extensions>
          <gpxtpx:TrackPointExtension>
            <gpxtpx:hr>151</gpxtpx:hr>
          </gpxtpx:TrackPointExtension>
        </extensions>
      </trkpt>
      <trkpt lat="27.89493070811619" lon="102.23036332847444">
        <ele>0.0</ele>
        <time>2026-05-03T15:32:58Z</time>
        <extensions>
          <gpxtpx:TrackPointExtension>
            <gpxtpx:hr>151</gpxtpx:hr>
          </gpxtpx:TrackPointExtension>
        </extensions>
      </trkpt>
      <trkpt lat="27.89495472238567" lon="102.23037834199518">
        <ele>0.0</ele>
        <time>2026-05-03T15:32:59Z</time>
        <extensions>
          <gpxtpx:TrackPointExtension>
            <gpxtpx:hr>152</gpxtpx:hr>
          </gpxtpx:TrackPointExtension>
        </extensions>
      </trkpt>
      <trkpt lat="27.894979732191562" lon="102.23038634882057">
        <ele>0.0</ele>
        <time>2026-05-03T15:33:00Z</time>
        <extensions>
          <gpxtpx:TrackPointExtension>
            <gpxtpx:hr>152</gpxtpx:hr>
          </gpxtpx:TrackPointExtension>
        </extensions>
      </trkpt>
      <trkpt lat="27.89500274626863" lon="102.23040136235846">
        <ele>0.0</ele>
        <time>2026-05-03T15:33:01Z</time>
        <extensions>
          <gpxtpx:TrackPointExtension>
            <gpxtpx:hr>152</gpxtpx:hr>
          </gpxtpx:TrackPointExtension>
        </extensions>
      </trkpt>
      <trkpt lat="27.895025760999044" lon="102.2304173768367">
        <ele>0.0</ele>
        <time>2026-05-03T15:33:02Z</time>
        <extensions>
          <gpxtpx:TrackPointExtension>
            <gpxtpx:hr>150</gpxtpx:hr>
          </gpxtpx:TrackPointExtension>
        </extensions>
      </trkpt>
      <trkpt lat="27.895048769772487" lon="102.23042438276266">
        <ele>0.0</ele>
        <time>2026-05-03T15:33:03Z</time>
        <extensions>
          <gpxtpx:TrackPointExtension>
            <gpxtpx:hr>150</gpxtpx:hr>
          </gpxtpx:TrackPointExtension>
        </extensions>
      </trkpt>
      <trkpt lat="27.89507678473056" lon="102.23043939612066">
        <ele>0.0</ele>
        <time>2026-05-03T15:33:04Z</time>
        <extensions>
          <gpxtpx:TrackPointExtension>
            <gpxtpx:hr>150</gpxtpx:hr>
          </gpxtpx:TrackPointExtension>
        </extensions>
      </trkpt>
      <trkpt lat="27.89510580513955" lon="102.2304624170211">
        <ele>0.0</ele>
        <time>2026-05-03T15:33:05Z</time>
        <extensions>
          <gpxtpx:TrackPointExtension>
            <gpxtpx:hr>148</gpxtpx:hr>
          </gpxtpx:TrackPointExtension>
        </extensions>
      </trkpt>
      <trkpt lat="27.89513282055636" lon="102.23047843133406">
        <ele>0.0</ele>
        <time>2026-05-03T15:33:06Z</time>
        <extensions>
          <gpxtpx:TrackPointExtension>
            <gpxtpx:hr>148</gpxtpx:hr>
          </gpxtpx:TrackPointExtension>
        </extensions>
      </trkpt>
      <trkpt lat="27.895164836206742" lon="102.23049344453362">
        <ele>0.0</ele>
        <time>2026-05-03T15:33:07Z</time>
        <extensions>
          <gpxtpx:TrackPointExtension>
            <gpxtpx:hr>149</gpxtpx:hr>
          </gpxtpx:TrackPointExtension>
        </extensions>
      </trkpt>
      <trkpt lat="27.895196851849192" lon="102.23050845772394">
        <ele>0.0</ele>
        <time>2026-05-03T15:33:08Z</time>
        <extensions>
          <gpxtpx:TrackPointExtension>
            <gpxtpx:hr>149</gpxtpx:hr>
          </gpxtpx:TrackPointExtension>
        </extensions>
      </trkpt>
      <trkpt lat="27.89522786730346" lon="102.23052347093632">
        <ele>0.0</ele>
        <time>2026-05-03T15:33:09Z</time>
        <extensions>
          <gpxtpx:TrackPointExtension>
            <gpxtpx:hr>149</gpxtpx:hr>
          </gpxtpx:TrackPointExtension>
        </extensions>
      </trkpt>
      <trkpt lat="27.89526188394749" lon="102.23053948499013">
        <ele>0.0</ele>
        <time>2026-05-03T15:33:10Z</time>
        <extensions>
          <gpxtpx:TrackPointExtension>
            <gpxtpx:hr>150</gpxtpx:hr>
          </gpxtpx:TrackPointExtension>
        </extensions>
      </trkpt>
      <trkpt lat="27.89529489974585" lon="102.23055449812082">
        <ele>0.0</ele>
        <time>2026-05-03T15:33:11Z</time>
        <extensions>
          <gpxtpx:TrackPointExtension>
            <gpxtpx:hr>150</gpxtpx:hr>
          </gpxtpx:TrackPointExtension>
        </extensions>
      </trkpt>
      <trkpt lat="27.89532291988089" lon="102.23057751894396">
        <ele>0.0</ele>
        <time>2026-05-03T15:33:12Z</time>
        <extensions>
          <gpxtpx:TrackPointExtension>
            <gpxtpx:hr>150</gpxtpx:hr>
          </gpxtpx:TrackPointExtension>
        </extensions>
      </trkpt>
      <trkpt lat="27.895347938801603" lon="102.23059953889722">
        <ele>0.0</ele>
        <time>2026-05-03T15:33:13Z</time>
        <extensions>
          <gpxtpx:TrackPointExtension>
            <gpxtpx:hr>150</gpxtpx:hr>
          </gpxtpx:TrackPointExtension>
        </extensions>
      </trkpt>
      <trkpt lat="27.895372953780324" lon="102.23061555318277">
        <ele>0.0</ele>
        <time>2026-05-03T15:33:14Z</time>
        <extensions>
          <gpxtpx:TrackPointExtension>
            <gpxtpx:hr>151</gpxtpx:hr>
          </gpxtpx:TrackPointExtension>
        </extensions>
      </trkpt>
      <trkpt lat="27.8953999684568" lon="102.23063056645442">
        <ele>0.0</ele>
        <time>2026-05-03T15:33:15Z</time>
        <extensions>
          <gpxtpx:TrackPointExtension>
            <gpxtpx:hr>151</gpxtpx:hr>
          </gpxtpx:TrackPointExtension>
        </extensions>
      </trkpt>
      <trkpt lat="27.89542598294505" lon="102.23064557974814">
        <ele>0.0</ele>
        <time>2026-05-03T15:33:16Z</time>
        <extensions>
          <gpxtpx:TrackPointExtension>
            <gpxtpx:hr>151</gpxtpx:hr>
          </gpxtpx:TrackPointExtension>
        </extensions>
      </trkpt>
      <trkpt lat="27.895452997605595" lon="102.2306605930013">
        <ele>0.0</ele>
        <time>2026-05-03T15:33:17Z</time>
        <extensions>
          <gpxtpx:TrackPointExtension>
            <gpxtpx:hr>152</gpxtpx:hr>
          </gpxtpx:TrackPointExtension>
        </extensions>
      </trkpt>
      <trkpt lat="27.89548200805312" lon="102.2306685996089">
        <ele>0.0</ele>
        <time>2026-05-03T15:33:18Z</time>
        <extensions>
          <gpxtpx:TrackPointExtension>
            <gpxtpx:hr>152</gpxtpx:hr>
          </gpxtpx:TrackPointExtension>
        </extensions>
      </trkpt>
      <trkpt lat="27.89551002288174" lon="102.23068361281659">
        <ele>0.0</ele>
        <time>2026-05-03T15:33:19Z</time>
        <extensions>
          <gpxtpx:TrackPointExtension>
            <gpxtpx:hr>152</gpxtpx:hr>
          </gpxtpx:TrackPointExtension>
        </extensions>
      </trkpt>
      <trkpt lat="27.89553703817339" lon="102.23069962698432">
        <ele>0.0</ele>
        <time>2026-05-03T15:33:20Z</time>
        <extensions>
          <gpxtpx:TrackPointExtension>
            <gpxtpx:hr>151</gpxtpx:hr>
          </gpxtpx:TrackPointExtension>
        </extensions>
      </trkpt>
      <trkpt lat="27.895562052444742" lon="102.23071464026678">
        <ele>0.0</ele>
        <time>2026-05-03T15:33:21Z</time>
        <extensions>
          <gpxtpx:TrackPointExtension>
            <gpxtpx:hr>152</gpxtpx:hr>
          </gpxtpx:TrackPointExtension>
        </extensions>
      </trkpt>
      <trkpt lat="27.895588066888386" lon="102.2307296535087">
        <ele>0.0</ele>
        <time>2026-05-03T15:33:22Z</time>
        <extensions>
          <gpxtpx:TrackPointExtension>
            <gpxtpx:hr>152</gpxtpx:hr>
          </gpxtpx:TrackPointExtension>
        </extensions>
      </trkpt>
      <trkpt lat="27.895613081143782" lon="102.23074466677267">
        <ele>0.0</ele>
        <time>2026-05-03T15:33:23Z</time>
        <extensions>
          <gpxtpx:TrackPointExtension>
            <gpxtpx:hr>151</gpxtpx:hr>
          </gpxtpx:TrackPointExtension>
        </extensions>
      </trkpt>
      <trkpt lat="27.895638096040287" lon="102.23076068096286">
        <ele>0.0</ele>
        <time>2026-05-03T15:33:24Z</time>
        <extensions>
          <gpxtpx:TrackPointExtension>
            <gpxtpx:hr>152</gpxtpx:hr>
          </gpxtpx:TrackPointExtension>
        </extensions>
      </trkpt>
      <trkpt lat="27.89565510883699" lon="102.23077569445806">
        <ele>0.0</ele>
        <time>2026-05-03T15:33:25Z</time>
        <extensions>
          <gpxtpx:TrackPointExtension>
            <gpxtpx:hr>151</gpxtpx:hr>
          </gpxtpx:TrackPointExtension>
        </extensions>
      </trkpt>
      <trkpt lat="27.895672121625687" lon="102.23079070794404">
        <ele>0.0</ele>
        <time>2026-05-03T15:33:26Z</time>
        <extensions>
          <gpxtpx:TrackPointExtension>
            <gpxtpx:hr>152</gpxtpx:hr>
          </gpxtpx:TrackPointExtension>
        </extensions>
      </trkpt>
      <trkpt lat="27.895689129873247" lon="102.23079871488446">
        <ele>0.0</ele>
        <time>2026-05-03T15:33:27Z</time>
        <extensions>
          <gpxtpx:TrackPointExtension>
            <gpxtpx:hr>152</gpxtpx:hr>
          </gpxtpx:TrackPointExtension>
        </extensions>
      </trkpt>
      <trkpt lat="27.89570614264968" lon="102.23081372835622">
        <ele>0.0</ele>
        <time>2026-05-03T15:33:28Z</time>
        <extensions>
          <gpxtpx:TrackPointExtension>
            <gpxtpx:hr>154</gpxtpx:hr>
          </gpxtpx:TrackPointExtension>
        </extensions>
      </trkpt>
      <trkpt lat="27.895724160770396" lon="102.23083674924743">
        <ele>0.0</ele>
        <time>2026-05-03T15:33:29Z</time>
        <extensions>
          <gpxtpx:TrackPointExtension>
            <gpxtpx:hr>152</gpxtpx:hr>
          </gpxtpx:TrackPointExtension>
        </extensions>
      </trkpt>
      <trkpt lat="27.895771188618333" lon="102.2308667757279">
        <ele>0.0</ele>
        <time>2026-05-03T15:33:31Z</time>
        <extensions>
          <gpxtpx:TrackPointExtension>
            <gpxtpx:hr>152</gpxtpx:hr>
          </gpxtpx:TrackPointExtension>
        </extensions>
      </trkpt>
      <trkpt lat="27.89579020171903" lon="102.2308817890951">
        <ele>0.0</ele>
        <time>2026-05-03T15:33:32Z</time>
        <extensions>
          <gpxtpx:TrackPointExtension>
            <gpxtpx:hr>152</gpxtpx:hr>
          </gpxtpx:TrackPointExtension>
        </extensions>
      </trkpt>
      <trkpt lat="27.895811215816497" lon="102.23089780332027">
        <ele>0.0</ele>
        <time>2026-05-03T15:33:33Z</time>
        <extensions>
          <gpxtpx:TrackPointExtension>
            <gpxtpx:hr>151</gpxtpx:hr>
          </gpxtpx:TrackPointExtension>
        </extensions>
      </trkpt>
      <trkpt lat="27.895830228900653" lon="102.23091281666831">
        <ele>0.0</ele>
        <time>2026-05-03T15:33:34Z</time>
        <extensions>
          <gpxtpx:TrackPointExtension>
            <gpxtpx:hr>151</gpxtpx:hr>
          </gpxtpx:TrackPointExtension>
        </extensions>
      </trkpt>
      <trkpt lat="27.89584624657968" lon="102.23093583752835">
        <ele>0.0</ele>
        <time>2026-05-03T15:33:35Z</time>
        <extensions>
          <gpxtpx:TrackPointExtension>
            <gpxtpx:hr>151</gpxtpx:hr>
          </gpxtpx:TrackPointExtension>
        </extensions>
      </trkpt>
      <trkpt lat="27.895859268192115" lon="102.23096586495063">
        <ele>0.0</ele>
        <time>2026-05-03T15:33:36Z</time>
        <extensions>
          <gpxtpx:TrackPointExtension>
            <gpxtpx:hr>150</gpxtpx:hr>
          </gpxtpx:TrackPointExtension>
        </extensions>
      </trkpt>
      <trkpt lat="27.89586528402474" lon="102.23098888607342">
        <ele>0.0</ele>
        <time>2026-05-03T15:33:37Z</time>
        <extensions>
          <gpxtpx:TrackPointExtension>
            <gpxtpx:hr>151</gpxtpx:hr>
          </gpxtpx:TrackPointExtension>
        </extensions>
      </trkpt>
      <trkpt lat="27.895865298756735" lon="102.23101190736217">
        <ele>0.0</ele>
        <time>2026-05-03T15:33:38Z</time>
        <extensions>
          <gpxtpx:TrackPointExtension>
            <gpxtpx:hr>151</gpxtpx:hr>
          </gpxtpx:TrackPointExtension>
        </extensions>
      </trkpt>
      <trkpt lat="27.89585731202752" lon="102.2310349288795">
        <ele>0.0</ele>
        <time>2026-05-03T15:33:39Z</time>
        <extensions>
          <gpxtpx:TrackPointExtension>
            <gpxtpx:hr>152</gpxtpx:hr>
          </gpxtpx:TrackPointExtension>
        </extensions>
      </trkpt>
      <trkpt lat="27.89584732938722" lon="102.23106495689917">
        <ele>0.0</ele>
        <time>2026-05-03T15:33:40Z</time>
        <extensions>
          <gpxtpx:TrackPointExtension>
            <gpxtpx:hr>152</gpxtpx:hr>
          </gpxtpx:TrackPointExtension>
        </extensions>
      </trkpt>
      <trkpt lat="27.895836342073586" lon="102.23108797846011">
        <ele>0.0</ele>
        <time>2026-05-03T15:33:41Z</time>
        <extensions>
          <gpxtpx:TrackPointExtension>
            <gpxtpx:hr>149</gpxtpx:hr>
          </gpxtpx:TrackPointExtension>
        </extensions>
      </trkpt>
      <trkpt lat="27.89582135911134" lon="102.23111900749139">
        <ele>0.0</ele>
        <time>2026-05-03T15:33:42Z</time>
        <extensions>
          <gpxtpx:TrackPointExtension>
            <gpxtpx:hr>149</gpxtpx:hr>
          </gpxtpx:TrackPointExtension>
        </extensions>
      </trkpt>
      <trkpt lat="27.895807375659842" lon="102.23114903553228">
        <ele>0.0</ele>
        <time>2026-05-03T15:33:43Z</time>
        <extensions>
          <gpxtpx:TrackPointExtension>
            <gpxtpx:hr>148</gpxtpx:hr>
          </gpxtpx:TrackPointExtension>
        </extensions>
      </trkpt>
      <trkpt lat="27.89579038719546" lon="102.23117205720126">
        <ele>0.0</ele>
        <time>2026-05-03T15:33:44Z</time>
        <extensions>
          <gpxtpx:TrackPointExtension>
            <gpxtpx:hr>147</gpxtpx:hr>
          </gpxtpx:TrackPointExtension>
        </extensions>
      </trkpt>
      <trkpt lat="27.895773403779582" lon="102.23120308618766">
        <ele>0.0</ele>
        <time>2026-05-03T15:33:45Z</time>
        <extensions>
          <gpxtpx:TrackPointExtension>
            <gpxtpx:hr>146</gpxtpx:hr>
          </gpxtpx:TrackPointExtension>
        </extensions>
      </trkpt>
      <trkpt lat="27.895758414998898" lon="102.23122510682644">
        <ele>0.0</ele>
        <time>2026-05-03T15:33:46Z</time>
        <extensions>
          <gpxtpx:TrackPointExtension>
            <gpxtpx:hr>143</gpxtpx:hr>
          </gpxtpx:TrackPointExtension>
        </extensions>
      </trkpt>
      <trkpt lat="27.89574642737345" lon="102.23124812826677">
        <ele>0.0</ele>
        <time>2026-05-03T15:33:47Z</time>
        <extensions>
          <gpxtpx:TrackPointExtension>
            <gpxtpx:hr>142</gpxtpx:hr>
          </gpxtpx:TrackPointExtension>
        </extensions>
      </trkpt>
      <trkpt lat="27.89573944063048" lon="102.23127114952875">
        <ele>0.0</ele>
        <time>2026-05-03T15:33:48Z</time>
        <extensions>
          <gpxtpx:TrackPointExtension>
            <gpxtpx:hr>144</gpxtpx:hr>
          </gpxtpx:TrackPointExtension>
        </extensions>
      </trkpt>
      <trkpt lat="27.895729458366798" lon="102.23130217816934">
        <ele>0.0</ele>
        <time>2026-05-03T15:33:49Z</time>
        <extensions>
          <gpxtpx:TrackPointExtension>
            <gpxtpx:hr>147</gpxtpx:hr>
          </gpxtpx:TrackPointExtension>
        </extensions>
      </trkpt>
      <trkpt lat="27.895721475800627" lon="102.23133220579574">
        <ele>0.0</ele>
        <time>2026-05-03T15:33:50Z</time>
        <extensions>
          <gpxtpx:TrackPointExtension>
            <gpxtpx:hr>148</gpxtpx:hr>
          </gpxtpx:TrackPointExtension>
        </extensions>
      </trkpt>
      <trkpt lat="27.89571449401009" lon="102.23136323426431">
        <ele>0.0</ele>
        <time>2026-05-03T15:33:51Z</time>
        <extensions>
          <gpxtpx:TrackPointExtension>
            <gpxtpx:hr>149</gpxtpx:hr>
          </gpxtpx:TrackPointExtension>
        </extensions>
      </trkpt>
      <trkpt lat="27.895706511378393" lon="102.23139326181506">
        <ele>0.0</ele>
        <time>2026-05-03T15:33:52Z</time>
        <extensions>
          <gpxtpx:TrackPointExtension>
            <gpxtpx:hr>149</gpxtpx:hr>
          </gpxtpx:TrackPointExtension>
        </extensions>
      </trkpt>
      <trkpt lat="27.895700529700406" lon="102.23142429017415">
        <ele>0.0</ele>
        <time>2026-05-03T15:33:53Z</time>
        <extensions>
          <gpxtpx:TrackPointExtension>
            <gpxtpx:hr>149</gpxtpx:hr>
          </gpxtpx:TrackPointExtension>
        </extensions>
      </trkpt>
      <trkpt lat="27.895695552537198" lon="102.231462324809">
        <ele>0.0</ele>
        <time>2026-05-03T15:33:54Z</time>
        <extensions>
          <gpxtpx:TrackPointExtension>
            <gpxtpx:hr>148</gpxtpx:hr>
          </gpxtpx:TrackPointExtension>
        </extensions>
      </trkpt>
      <trkpt lat="27.895693575863067" lon="102.23150035929027">
        <ele>0.0</ele>
        <time>2026-05-03T15:33:55Z</time>
        <extensions>
          <gpxtpx:TrackPointExtension>
            <gpxtpx:hr>148</gpxtpx:hr>
          </gpxtpx:TrackPointExtension>
        </extensions>
      </trkpt>
      <trkpt lat="27.895691599137166" lon="102.23153839371177">
        <ele>0.0</ele>
        <time>2026-05-03T15:33:56Z</time>
        <extensions>
          <gpxtpx:TrackPointExtension>
            <gpxtpx:hr>148</gpxtpx:hr>
          </gpxtpx:TrackPointExtension>
        </extensions>
      </trkpt>
      <trkpt lat="27.895685621638382" lon="102.2315764281987">
        <ele>0.0</ele>
        <time>2026-05-03T15:33:57Z</time>
        <extensions>
          <gpxtpx:TrackPointExtension>
            <gpxtpx:hr>148</gpxtpx:hr>
          </gpxtpx:TrackPointExtension>
        </extensions>
      </trkpt>
      <trkpt lat="27.89567364300615" lon="102.23161446281361">
        <ele>0.0</ele>
        <time>2026-05-03T15:33:58Z</time>
        <extensions>
          <gpxtpx:TrackPointExtension>
            <gpxtpx:hr>148</gpxtpx:hr>
          </gpxtpx:TrackPointExtension>
        </extensions>
      </trkpt>
      <trkpt lat="27.89566466054171" lon="102.23164549098311">
        <ele>0.0</ele>
        <time>2026-05-03T15:33:59Z</time>
        <extensions>
          <gpxtpx:TrackPointExtension>
            <gpxtpx:hr>149</gpxtpx:hr>
          </gpxtpx:TrackPointExtension>
        </extensions>
      </trkpt>
      <trkpt lat="27.89565267688561" lon="102.23167551830896">
        <ele>0.0</ele>
        <time>2026-05-03T15:34:00Z</time>
        <extensions>
          <gpxtpx:TrackPointExtension>
            <gpxtpx:hr>149</gpxtpx:hr>
          </gpxtpx:TrackPointExtension>
        </extensions>
      </trkpt>
      <trkpt lat="27.895643694353314" lon="102.23170654640012">
        <ele>0.0</ele>
        <time>2026-05-03T15:34:01Z</time>
        <extensions>
          <gpxtpx:TrackPointExtension>
            <gpxtpx:hr>149</gpxtpx:hr>
          </gpxtpx:TrackPointExtension>
        </extensions>
      </trkpt>
      <trkpt lat="27.89563371099209" lon="102.23173657358758">
        <ele>0.0</ele>
        <time>2026-05-03T15:34:02Z</time>
        <extensions>
          <gpxtpx:TrackPointExtension>
            <gpxtpx:hr>149</gpxtpx:hr>
          </gpxtpx:TrackPointExtension>
        </extensions>
      </trkpt>
      <trkpt lat="27.895620722765155" lon="102.23175959457294">
        <ele>0.0</ele>
        <time>2026-05-03T15:34:03Z</time>
        <extensions>
          <gpxtpx:TrackPointExtension>
            <gpxtpx:hr>150</gpxtpx:hr>
          </gpxtpx:TrackPointExtension>
        </extensions>
      </trkpt>
      <trkpt lat="27.895608743883354" lon="102.23179762889976">
        <ele>0.0</ele>
        <time>2026-05-03T15:34:04Z</time>
        <extensions>
          <gpxtpx:TrackPointExtension>
            <gpxtpx:hr>150</gpxtpx:hr>
          </gpxtpx:TrackPointExtension>
        </extensions>
      </trkpt>
      <trkpt lat="27.89559375524551" lon="102.23182064988953">
        <ele>0.0</ele>
        <time>2026-05-03T15:34:05Z</time>
        <extensions>
          <gpxtpx:TrackPointExtension>
            <gpxtpx:hr>150</gpxtpx:hr>
          </gpxtpx:TrackPointExtension>
        </extensions>
      </trkpt>
      <trkpt lat="27.895578770860133" lon="102.23185067709166">
        <ele>0.0</ele>
        <time>2026-05-03T15:34:06Z</time>
        <extensions>
          <gpxtpx:TrackPointExtension>
            <gpxtpx:hr>151</gpxtpx:hr>
          </gpxtpx:TrackPointExtension>
        </extensions>
      </trkpt>
      <trkpt lat="27.895563787051422" lon="102.23188170514568">
        <ele>0.0</ele>
        <time>2026-05-03T15:34:07Z</time>
        <extensions>
          <gpxtpx:TrackPointExtension>
            <gpxtpx:hr>151</gpxtpx:hr>
          </gpxtpx:TrackPointExtension>
        </extensions>
      </trkpt>
      <trkpt lat="27.895551808003077" lon="102.23191973928022">
        <ele>0.0</ele>
        <time>2026-05-03T15:34:08Z</time>
        <extensions>
          <gpxtpx:TrackPointExtension>
            <gpxtpx:hr>151</gpxtpx:hr>
          </gpxtpx:TrackPointExtension>
        </extensions>
      </trkpt>
      <trkpt lat="27.89554282519909" lon="102.23195076705775">
        <ele>0.0</ele>
        <time>2026-05-03T15:34:09Z</time>
        <extensions>
          <gpxtpx:TrackPointExtension>
            <gpxtpx:hr>151</gpxtpx:hr>
          </gpxtpx:TrackPointExtension>
        </extensions>
      </trkpt>
      <trkpt lat="27.895532841574894" lon="102.23198079394164">
        <ele>0.0</ele>
        <time>2026-05-03T15:34:10Z</time>
        <extensions>
          <gpxtpx:TrackPointExtension>
            <gpxtpx:hr>151</gpxtpx:hr>
          </gpxtpx:TrackPointExtension>
        </extensions>
      </trkpt>
      <trkpt lat="27.895517857621325" lon="102.23201182182842">
        <ele>0.0</ele>
        <time>2026-05-03T15:34:11Z</time>
        <extensions>
          <gpxtpx:TrackPointExtension>
            <gpxtpx:hr>151</gpxtpx:hr>
          </gpxtpx:TrackPointExtension>
        </extensions>
      </trkpt>
      <trkpt lat="27.895502877854565" lon="102.2320498558518">
        <ele>0.0</ele>
        <time>2026-05-03T15:34:12Z</time>
        <extensions>
          <gpxtpx:TrackPointExtension>
            <gpxtpx:hr>151</gpxtpx:hr>
          </gpxtpx:TrackPointExtension>
        </extensions>
      </trkpt>
      <trkpt lat="27.89549089376302" lon="102.23207988267495">
        <ele>0.0</ele>
        <time>2026-05-03T15:34:13Z</time>
        <extensions>
          <gpxtpx:TrackPointExtension>
            <gpxtpx:hr>152</gpxtpx:hr>
          </gpxtpx:TrackPointExtension>
        </extensions>
      </trkpt>
      <trkpt lat="27.895479910420107" lon="102.23211091030912">
        <ele>0.0</ele>
        <time>2026-05-03T15:34:14Z</time>
        <extensions>
          <gpxtpx:TrackPointExtension>
            <gpxtpx:hr>152</gpxtpx:hr>
          </gpxtpx:TrackPointExtension>
        </extensions>
      </trkpt>
      <trkpt lat="27.895467931058764" lon="102.23214894408237">
        <ele>0.0</ele>
        <time>2026-05-03T15:34:15Z</time>
        <extensions>
          <gpxtpx:TrackPointExtension>
            <gpxtpx:hr>152</gpxtpx:hr>
          </gpxtpx:TrackPointExtension>
        </extensions>
      </trkpt>
      <trkpt lat="27.895456947040586" lon="102.23217897075082">
        <ele>0.0</ele>
        <time>2026-05-03T15:34:16Z</time>
        <extensions>
          <gpxtpx:TrackPointExtension>
            <gpxtpx:hr>152</gpxtpx:hr>
          </gpxtpx:TrackPointExtension>
        </extensions>
      </trkpt>
      <trkpt lat="27.895444967586204" lon="102.23221700441668">
        <ele>0.0</ele>
        <time>2026-05-03T15:34:17Z</time>
        <extensions>
          <gpxtpx:TrackPointExtension>
            <gpxtpx:hr>152</gpxtpx:hr>
          </gpxtpx:TrackPointExtension>
        </extensions>
      </trkpt>
      <trkpt lat="27.8954379889811" lon="102.23225503786607">
        <ele>0.0</ele>
        <time>2026-05-03T15:34:18Z</time>
        <extensions>
          <gpxtpx:TrackPointExtension>
            <gpxtpx:hr>152</gpxtpx:hr>
          </gpxtpx:TrackPointExtension>
        </extensions>
      </trkpt>
      <trkpt lat="27.89542601001684" lon="102.23229407228393">
        <ele>0.0</ele>
        <time>2026-05-03T15:34:19Z</time>
        <extensions>
          <gpxtpx:TrackPointExtension>
            <gpxtpx:hr>152</gpxtpx:hr>
          </gpxtpx:TrackPointExtension>
        </extensions>
      </trkpt>
      <trkpt lat="27.89541102512094" lon="102.23232409889667">
        <ele>0.0</ele>
        <time>2026-05-03T15:34:20Z</time>
        <extensions>
          <gpxtpx:TrackPointExtension>
            <gpxtpx:hr>152</gpxtpx:hr>
          </gpxtpx:TrackPointExtension>
        </extensions>
      </trkpt>
      <trkpt lat="27.895399041325334" lon="102.23235512624765">
        <ele>0.0</ele>
        <time>2026-05-03T15:34:21Z</time>
        <extensions>
          <gpxtpx:TrackPointExtension>
            <gpxtpx:hr>152</gpxtpx:hr>
          </gpxtpx:TrackPointExtension>
        </extensions>
      </trkpt>
      <trkpt lat="27.895386056723986" lon="102.23238515272166">
        <ele>0.0</ele>
        <time>2026-05-03T15:34:22Z</time>
        <extensions>
          <gpxtpx:TrackPointExtension>
            <gpxtpx:hr>153</gpxtpx:hr>
          </gpxtpx:TrackPointExtension>
        </extensions>
      </trkpt>
      <trkpt lat="27.895373072679952" lon="102.23241618002523">
        <ele>0.0</ele>
        <time>2026-05-03T15:34:23Z</time>
        <extensions>
          <gpxtpx:TrackPointExtension>
            <gpxtpx:hr>153</gpxtpx:hr>
          </gpxtpx:TrackPointExtension>
        </extensions>
      </trkpt>
      <trkpt lat="27.895363088553385" lon="102.23244620632921">
        <ele>0.0</ele>
        <time>2026-05-03T15:34:24Z</time>
        <extensions>
          <gpxtpx:TrackPointExtension>
            <gpxtpx:hr>153</gpxtpx:hr>
          </gpxtpx:TrackPointExtension>
        </extensions>
      </trkpt>
      <trkpt lat="27.895354109274045" lon="102.23248423947908">
        <ele>0.0</ele>
        <time>2026-05-03T15:34:25Z</time>
        <extensions>
          <gpxtpx:TrackPointExtension>
            <gpxtpx:hr>153</gpxtpx:hr>
          </gpxtpx:TrackPointExtension>
        </extensions>
      </trkpt>
      <trkpt lat="27.89534012904134" lon="102.23252227272522">
        <ele>0.0</ele>
        <time>2026-05-03T15:34:26Z</time>
        <extensions>
          <gpxtpx:TrackPointExtension>
            <gpxtpx:hr>153</gpxtpx:hr>
          </gpxtpx:TrackPointExtension>
        </extensions>
      </trkpt>
      <trkpt lat="27.895325144483596" lon="102.2325532999145">
        <ele>0.0</ele>
        <time>2026-05-03T15:34:27Z</time>
        <extensions>
          <gpxtpx:TrackPointExtension>
            <gpxtpx:hr>153</gpxtpx:hr>
          </gpxtpx:TrackPointExtension>
        </extensions>
      </trkpt>
      <trkpt lat="27.895311164156265" lon="102.23259133305142">
        <ele>0.0</ele>
        <time>2026-05-03T15:34:28Z</time>
        <extensions>
          <gpxtpx:TrackPointExtension>
            <gpxtpx:hr>152</gpxtpx:hr>
          </gpxtpx:TrackPointExtension>
        </extensions>
      </trkpt>
      <trkpt lat="27.895296178938988" lon="102.23262135929312">
        <ele>0.0</ele>
        <time>2026-05-03T15:34:29Z</time>
        <extensions>
          <gpxtpx:TrackPointExtension>
            <gpxtpx:hr>152</gpxtpx:hr>
          </gpxtpx:TrackPointExtension>
        </extensions>
      </trkpt>
      <trkpt lat="27.89528119427046" lon="102.23265238635447">
        <ele>0.0</ele>
        <time>2026-05-03T15:34:30Z</time>
        <extensions>
          <gpxtpx:TrackPointExtension>
            <gpxtpx:hr>152</gpxtpx:hr>
          </gpxtpx:TrackPointExtension>
        </extensions>
      </trkpt>
      <trkpt lat="27.895266213627036" lon="102.23269041936585">
        <ele>0.0</ele>
        <time>2026-05-03T15:34:31Z</time>
        <extensions>
          <gpxtpx:TrackPointExtension>
            <gpxtpx:hr>152</gpxtpx:hr>
          </gpxtpx:TrackPointExtension>
        </extensions>
      </trkpt>
      <trkpt lat="27.895250228122265" lon="102.232720445515">
        <ele>0.0</ele>
        <time>2026-05-03T15:34:32Z</time>
        <extensions>
          <gpxtpx:TrackPointExtension>
            <gpxtpx:hr>152</gpxtpx:hr>
          </gpxtpx:TrackPointExtension>
        </extensions>
      </trkpt>
      <trkpt lat="27.895239248683826" lon="102.23275947914618">
        <ele>0.0</ele>
        <time>2026-05-03T15:34:33Z</time>
        <extensions>
          <gpxtpx:TrackPointExtension>
            <gpxtpx:hr>153</gpxtpx:hr>
          </gpxtpx:TrackPointExtension>
        </extensions>
      </trkpt>
      <trkpt lat="27.895226263644982" lon="102.23278950511514">
        <ele>0.0</ele>
        <time>2026-05-03T15:34:34Z</time>
        <extensions>
          <gpxtpx:TrackPointExtension>
            <gpxtpx:hr>153</gpxtpx:hr>
          </gpxtpx:TrackPointExtension>
        </extensions>
      </trkpt>
      <trkpt lat="27.895210278608044" lon="102.23282053199054">
        <ele>0.0</ele>
        <time>2026-05-03T15:34:35Z</time>
        <extensions>
          <gpxtpx:TrackPointExtension>
            <gpxtpx:hr>153</gpxtpx:hr>
          </gpxtpx:TrackPointExtension>
        </extensions>
      </trkpt>
      <trkpt lat="27.895191292421607" lon="102.23285055807082">
        <ele>0.0</ele>
        <time>2026-05-03T15:34:36Z</time>
        <extensions>
          <gpxtpx:TrackPointExtension>
            <gpxtpx:hr>153</gpxtpx:hr>
          </gpxtpx:TrackPointExtension>
        </extensions>
      </trkpt>
      <trkpt lat="27.895174306563117" lon="102.23288058405095">
        <ele>0.0</ele>
        <time>2026-05-03T15:34:37Z</time>
        <extensions>
          <gpxtpx:TrackPointExtension>
            <gpxtpx:hr>152</gpxtpx:hr>
          </gpxtpx:TrackPointExtension>
        </extensions>
      </trkpt>
      <trkpt lat="27.895159317028433" lon="102.23290360400512">
        <ele>0.0</ele>
        <time>2026-05-03T15:34:38Z</time>
        <extensions>
          <gpxtpx:TrackPointExtension>
            <gpxtpx:hr>152</gpxtpx:hr>
          </gpxtpx:TrackPointExtension>
        </extensions>
      </trkpt>
      <trkpt lat="27.895142331683488" lon="102.23293463076425">
        <ele>0.0</ele>
        <time>2026-05-03T15:34:39Z</time>
        <extensions>
          <gpxtpx:TrackPointExtension>
            <gpxtpx:hr>153</gpxtpx:hr>
          </gpxtpx:TrackPointExtension>
        </extensions>
      </trkpt>
      <trkpt lat="27.8951263459141" lon="102.23296465660786">
        <ele>0.0</ele>
        <time>2026-05-03T15:34:40Z</time>
        <extensions>
          <gpxtpx:TrackPointExtension>
            <gpxtpx:hr>153</gpxtpx:hr>
          </gpxtpx:TrackPointExtension>
        </extensions>
      </trkpt>
      <trkpt lat="27.89510735558861" lon="102.23298767660646">
        <ele>0.0</ele>
        <time>2026-05-03T15:34:41Z</time>
        <extensions>
          <gpxtpx:TrackPointExtension>
            <gpxtpx:hr>153</gpxtpx:hr>
          </gpxtpx:TrackPointExtension>
        </extensions>
      </trkpt>
      <trkpt lat="27.895088369789004" lon="102.23301870331937">
        <ele>0.0</ele>
        <time>2026-05-03T15:34:42Z</time>
        <extensions>
          <gpxtpx:TrackPointExtension>
            <gpxtpx:hr>154</gpxtpx:hr>
          </gpxtpx:TrackPointExtension>
        </extensions>
      </trkpt>
      <trkpt lat="27.895069379418594" lon="102.23304172326606">
        <ele>0.0</ele>
        <time>2026-05-03T15:34:43Z</time>
        <extensions>
          <gpxtpx:TrackPointExtension>
            <gpxtpx:hr>154</gpxtpx:hr>
          </gpxtpx:TrackPointExtension>
        </extensions>
      </trkpt>
      <trkpt lat="27.89504638774181" lon="102.23306374247578">
        <ele>0.0</ele>
        <time>2026-05-03T15:34:44Z</time>
        <extensions>
          <gpxtpx:TrackPointExtension>
            <gpxtpx:hr>154</gpxtpx:hr>
          </gpxtpx:TrackPointExtension>
        </extensions>
      </trkpt>
      <trkpt lat="27.895023392653552" lon="102.23307975662999">
        <ele>0.0</ele>
        <time>2026-05-03T15:34:45Z</time>
        <extensions>
          <gpxtpx:TrackPointExtension>
            <gpxtpx:hr>153</gpxtpx:hr>
          </gpxtpx:TrackPointExtension>
        </extensions>
      </trkpt>
      <trkpt lat="27.895000401511517" lon="102.23310277664315">
        <ele>0.0</ele>
        <time>2026-05-03T15:34:46Z</time>
        <extensions>
          <gpxtpx:TrackPointExtension>
            <gpxtpx:hr>153</gpxtpx:hr>
          </gpxtpx:TrackPointExtension>
        </extensions>
      </trkpt>
      <trkpt lat="27.89497640565613" lon="102.23311778996482">
        <ele>0.0</ele>
        <time>2026-05-03T15:34:47Z</time>
        <extensions>
          <gpxtpx:TrackPointExtension>
            <gpxtpx:hr>152</gpxtpx:hr>
          </gpxtpx:TrackPointExtension>
        </extensions>
      </trkpt>
      <trkpt lat="27.894951409612414" lon="102.23313280330837">
        <ele>0.0</ele>
        <time>2026-05-03T15:34:48Z</time>
        <extensions>
          <gpxtpx:TrackPointExtension>
            <gpxtpx:hr>152</gpxtpx:hr>
          </gpxtpx:TrackPointExtension>
        </extensions>
      </trkpt>
      <trkpt lat="27.89490141806341" lon="102.23316383080304">
        <ele>0.0</ele>
        <time>2026-05-03T15:34:50Z</time>
        <extensions>
          <gpxtpx:TrackPointExtension>
            <gpxtpx:hr>151</gpxtpx:hr>
          </gpxtpx:TrackPointExtension>
        </extensions>
      </trkpt>
      <trkpt lat="27.894876421994823" lon="102.2331788441177">
        <ele>0.0</ele>
        <time>2026-05-03T15:34:51Z</time>
        <extensions>
          <gpxtpx:TrackPointExtension>
            <gpxtpx:hr>150</gpxtpx:hr>
          </gpxtpx:TrackPointExtension>
        </extensions>
      </trkpt>
      <trkpt lat="27.89484842537749" lon="102.23319385751678">
        <ele>0.0</ele>
        <time>2026-05-03T15:34:52Z</time>
        <extensions>
          <gpxtpx:TrackPointExtension>
            <gpxtpx:hr>149</gpxtpx:hr>
          </gpxtpx:TrackPointExtension>
        </extensions>
      </trkpt>
      <trkpt lat="27.89481942464328" lon="102.23320186509913">
        <ele>0.0</ele>
        <time>2026-05-03T15:34:53Z</time>
        <extensions>
          <gpxtpx:TrackPointExtension>
            <gpxtpx:hr>148</gpxtpx:hr>
          </gpxtpx:TrackPointExtension>
        </extensions>
      </trkpt>
      <trkpt lat="27.894789419236968" lon="102.23320186603753">
        <ele>0.0</ele>
        <time>2026-05-03T15:34:54Z</time>
        <extensions>
          <gpxtpx:TrackPointExtension>
            <gpxtpx:hr>147</gpxtpx:hr>
          </gpxtpx:TrackPointExtension>
        </extensions>
      </trkpt>
      <trkpt lat="27.894758417579077" lon="102.23320887284582">
        <ele>0.0</ele>
        <time>2026-05-03T15:34:55Z</time>
        <extensions>
          <gpxtpx:TrackPointExtension>
            <gpxtpx:hr>148</gpxtpx:hr>
          </gpxtpx:TrackPointExtension>
        </extensions>
      </trkpt>
      <trkpt lat="27.89472840824434" lon="102.23320186794562">
        <ele>0.0</ele>
        <time>2026-05-03T15:34:56Z</time>
        <extensions>
          <gpxtpx:TrackPointExtension>
            <gpxtpx:hr>148</gpxtpx:hr>
          </gpxtpx:TrackPointExtension>
        </extensions>
      </trkpt>
      <trkpt lat="27.894697398166066" lon="102.2331938622401">
        <ele>0.0</ele>
        <time>2026-05-03T15:34:57Z</time>
        <extensions>
          <gpxtpx:TrackPointExtension>
            <gpxtpx:hr>148</gpxtpx:hr>
          </gpxtpx:TrackPointExtension>
        </extensions>
      </trkpt>
      <trkpt lat="27.89466538790534" lon="102.23318585656318">
        <ele>0.0</ele>
        <time>2026-05-03T15:34:58Z</time>
        <extensions>
          <gpxtpx:TrackPointExtension>
            <gpxtpx:hr>149</gpxtpx:hr>
          </gpxtpx:TrackPointExtension>
        </extensions>
      </trkpt>
      <trkpt lat="27.894634378384776" lon="102.23317885168754">
        <ele>0.0</ele>
        <time>2026-05-03T15:34:59Z</time>
        <extensions>
          <gpxtpx:TrackPointExtension>
            <gpxtpx:hr>149</gpxtpx:hr>
          </gpxtpx:TrackPointExtension>
        </extensions>
      </trkpt>
      <trkpt lat="27.894606364339683" lon="102.23316283919492">
        <ele>0.0</ele>
        <time>2026-05-03T15:35:00Z</time>
        <extensions>
          <gpxtpx:TrackPointExtension>
            <gpxtpx:hr>147</gpxtpx:hr>
          </gpxtpx:TrackPointExtension>
        </extensions>
      </trkpt>
      <trkpt lat="27.894575354813416" lon="102.23315583431254">
        <ele>0.0</ele>
        <time>2026-05-03T15:35:01Z</time>
        <extensions>
          <gpxtpx:TrackPointExtension>
            <gpxtpx:hr>147</gpxtpx:hr>
          </gpxtpx:TrackPointExtension>
        </extensions>
      </trkpt>
      <trkpt lat="27.894546345082535" lon="102.23314782852907">
        <ele>0.0</ele>
        <time>2026-05-03T15:35:02Z</time>
        <extensions>
          <gpxtpx:TrackPointExtension>
            <gpxtpx:hr>146</gpxtpx:hr>
          </gpxtpx:TrackPointExtension>
        </extensions>
      </trkpt>
      <trkpt lat="27.894518336093167" lon="102.23314082354845">
        <ele>0.0</ele>
        <time>2026-05-03T15:35:03Z</time>
        <extensions>
          <gpxtpx:TrackPointExtension>
            <gpxtpx:hr>144</gpxtpx:hr>
          </gpxtpx:TrackPointExtension>
        </extensions>
      </trkpt>
      <trkpt lat="27.894491322206466" lon="102.23312481099914">
        <ele>0.0</ele>
        <time>2026-05-03T15:35:04Z</time>
        <extensions>
          <gpxtpx:TrackPointExtension>
            <gpxtpx:hr>142</gpxtpx:hr>
          </gpxtpx:TrackPointExtension>
        </extensions>
      </trkpt>
      <trkpt lat="27.894466305281934" lon="102.2331027933471">
        <ele>0.0</ele>
        <time>2026-05-03T15:35:05Z</time>
        <extensions>
          <gpxtpx:TrackPointExtension>
            <gpxtpx:hr>143</gpxtpx:hr>
          </gpxtpx:TrackPointExtension>
        </extensions>
      </trkpt>
      <trkpt lat="27.894443292094035" lon="102.23308678064724">
        <ele>0.0</ele>
        <time>2026-05-03T15:35:06Z</time>
        <extensions>
          <gpxtpx:TrackPointExtension>
            <gpxtpx:hr>143</gpxtpx:hr>
          </gpxtpx:TrackPointExtension>
        </extensions>
      </trkpt>
      <trkpt lat="27.894419283810134" lon="102.23307977552368">
        <ele>0.0</ele>
        <time>2026-05-03T15:35:07Z</time>
        <extensions>
          <gpxtpx:TrackPointExtension>
            <gpxtpx:hr>145</gpxtpx:hr>
          </gpxtpx:TrackPointExtension>
        </extensions>
      </trkpt>
      <trkpt lat="27.894392269888268" lon="102.23306376293358">
        <ele>0.0</ele>
        <time>2026-05-03T15:35:08Z</time>
        <extensions>
          <gpxtpx:TrackPointExtension>
            <gpxtpx:hr>145</gpxtpx:hr>
          </gpxtpx:TrackPointExtension>
        </extensions>
      </trkpt>
      <trkpt lat="27.894363260697737" lon="102.23305675795969">
        <ele>0.0</ele>
        <time>2026-05-03T15:35:09Z</time>
        <extensions>
          <gpxtpx:TrackPointExtension>
            <gpxtpx:hr>145</gpxtpx:hr>
          </gpxtpx:TrackPointExtension>
        </extensions>
      </trkpt>
      <trkpt lat="27.8943312503981" lon="102.233048752237">
        <ele>0.0</ele>
        <time>2026-05-03T15:35:10Z</time>
        <extensions>
          <gpxtpx:TrackPointExtension>
            <gpxtpx:hr>146</gpxtpx:hr>
          </gpxtpx:TrackPointExtension>
        </extensions>
      </trkpt>
      <trkpt lat="27.89428923432331" lon="102.23303374093666">
        <ele>0.0</ele>
        <time>2026-05-03T15:35:11Z</time>
        <extensions>
          <gpxtpx:TrackPointExtension>
            <gpxtpx:hr>146</gpxtpx:hr>
          </gpxtpx:TrackPointExtension>
        </extensions>
      </trkpt>
      <trkpt lat="27.89425921585752" lon="102.23301072251519">
        <ele>0.0</ele>
        <time>2026-05-03T15:35:12Z</time>
        <extensions>
          <gpxtpx:TrackPointExtension>
            <gpxtpx:hr>148</gpxtpx:hr>
          </gpxtpx:TrackPointExtension>
        </extensions>
      </trkpt>
      <trkpt lat="27.894232202464824" lon="102.23299571072184">
        <ele>0.0</ele>
        <time>2026-05-03T15:35:13Z</time>
        <extensions>
          <gpxtpx:TrackPointExtension>
            <gpxtpx:hr>148</gpxtpx:hr>
          </gpxtpx:TrackPointExtension>
        </extensions>
      </trkpt>
      <trkpt lat="27.894205184508017" lon="102.23297269217002">
        <ele>0.0</ele>
        <time>2026-05-03T15:35:14Z</time>
        <extensions>
          <gpxtpx:TrackPointExtension>
            <gpxtpx:hr>147</gpxtpx:hr>
          </gpxtpx:TrackPointExtension>
        </extensions>
      </trkpt>
      <trkpt lat="27.894154153646934" lon="102.23293466167071">
        <ele>0.0</ele>
        <time>2026-05-03T15:35:16Z</time>
        <extensions>
          <gpxtpx:TrackPointExtension>
            <gpxtpx:hr>147</gpxtpx:hr>
          </gpxtpx:TrackPointExtension>
        </extensions>
      </trkpt>
      <trkpt lat="27.894129135999812" lon="102.23291164299775">
        <ele>0.0</ele>
        <time>2026-05-03T15:35:17Z</time>
        <extensions>
          <gpxtpx:TrackPointExtension>
            <gpxtpx:hr>148</gpxtpx:hr>
          </gpxtpx:TrackPointExtension>
        </extensions>
      </trkpt>
      <trkpt lat="27.89410211797328" lon="102.23288862436527">
        <ele>0.0</ele>
        <time>2026-05-03T15:35:18Z</time>
        <extensions>
          <gpxtpx:TrackPointExtension>
            <gpxtpx:hr>148</gpxtpx:hr>
          </gpxtpx:TrackPointExtension>
        </extensions>
      </trkpt>
      <trkpt lat="27.89407710487497" lon="102.23287361243298">
        <ele>0.0</ele>
        <time>2026-05-03T15:35:19Z</time>
        <extensions>
          <gpxtpx:TrackPointExtension>
            <gpxtpx:hr>148</gpxtpx:hr>
          </gpxtpx:TrackPointExtension>
        </extensions>
      </trkpt>
      <trkpt lat="27.89405508771769" lon="102.23285059360761">
        <ele>0.0</ele>
        <time>2026-05-03T15:35:20Z</time>
        <extensions>
          <gpxtpx:TrackPointExtension>
            <gpxtpx:hr>148</gpxtpx:hr>
          </gpxtpx:TrackPointExtension>
        </extensions>
      </trkpt>
      <trkpt lat="27.89402607387824" lon="102.23283558177665">
        <ele>0.0</ele>
        <time>2026-05-03T15:35:21Z</time>
        <extensions>
          <gpxtpx:TrackPointExtension>
            <gpxtpx:hr>149</gpxtpx:hr>
          </gpxtpx:TrackPointExtension>
        </extensions>
      </trkpt>
      <trkpt lat="27.894001060176148" lon="102.232819568961">
        <ele>0.0</ele>
        <time>2026-05-03T15:35:22Z</time>
        <extensions>
          <gpxtpx:TrackPointExtension>
            <gpxtpx:hr>149</gpxtpx:hr>
          </gpxtpx:TrackPointExtension>
        </extensions>
      </trkpt>
      <trkpt lat="27.893969045779553" lon="102.23280455720449">
        <ele>0.0</ele>
        <time>2026-05-03T15:35:23Z</time>
        <extensions>
          <gpxtpx:TrackPointExtension>
            <gpxtpx:hr>149</gpxtpx:hr>
          </gpxtpx:TrackPointExtension>
        </extensions>
      </trkpt>
      <trkpt lat="27.893938031555045" lon="102.23278954540733">
        <ele>0.0</ele>
        <time>2026-05-03T15:35:24Z</time>
        <extensions>
          <gpxtpx:TrackPointExtension>
            <gpxtpx:hr>150</gpxtpx:hr>
          </gpxtpx:TrackPointExtension>
        </extensions>
      </trkpt>
      <trkpt lat="27.8939100218997" lon="102.23278153947037">
        <ele>0.0</ele>
        <time>2026-05-03T15:35:25Z</time>
        <extensions>
          <gpxtpx:TrackPointExtension>
            <gpxtpx:hr>150</gpxtpx:hr>
          </gpxtpx:TrackPointExtension>
        </extensions>
      </trkpt>
      <trkpt lat="27.893883003765456" lon="102.23275852071315">
        <ele>0.0</ele>
        <time>2026-05-03T15:35:26Z</time>
        <extensions>
          <gpxtpx:TrackPointExtension>
            <gpxtpx:hr>150</gpxtpx:hr>
          </gpxtpx:TrackPointExtension>
        </extensions>
      </trkpt>
      <trkpt lat="27.89385599023676" lon="102.23274350876208">
        <ele>0.0</ele>
        <time>2026-05-03T15:35:27Z</time>
        <extensions>
          <gpxtpx:TrackPointExtension>
            <gpxtpx:hr>151</gpxtpx:hr>
          </gpxtpx:TrackPointExtension>
        </extensions>
      </trkpt>
      <trkpt lat="27.89383197261144" lon="102.23272048987455">
        <ele>0.0</ele>
        <time>2026-05-03T15:35:28Z</time>
        <extensions>
          <gpxtpx:TrackPointExtension>
            <gpxtpx:hr>151</gpxtpx:hr>
          </gpxtpx:TrackPointExtension>
        </extensions>
      </trkpt>
      <trkpt lat="27.89380295406637" lon="102.2326974711214">
        <ele>0.0</ele>
        <time>2026-05-03T15:35:29Z</time>
        <extensions>
          <gpxtpx:TrackPointExtension>
            <gpxtpx:hr>151</gpxtpx:hr>
          </gpxtpx:TrackPointExtension>
        </extensions>
      </trkpt>
      <trkpt lat="27.89377193978423" lon="102.23268245925733">
        <ele>0.0</ele>
        <time>2026-05-03T15:35:30Z</time>
        <extensions>
          <gpxtpx:TrackPointExtension>
            <gpxtpx:hr>151</gpxtpx:hr>
          </gpxtpx:TrackPointExtension>
        </extensions>
      </trkpt>
      <trkpt lat="27.893743921387838" lon="102.23265944043646">
        <ele>0.0</ele>
        <time>2026-05-03T15:35:31Z</time>
        <extensions>
          <gpxtpx:TrackPointExtension>
            <gpxtpx:hr>151</gpxtpx:hr>
          </gpxtpx:TrackPointExtension>
        </extensions>
      </trkpt>
      <trkpt lat="27.893714903374047" lon="102.23263742248263">
        <ele>0.0</ele>
        <time>2026-05-03T15:35:32Z</time>
        <extensions>
          <gpxtpx:TrackPointExtension>
            <gpxtpx:hr>152</gpxtpx:hr>
          </gpxtpx:TrackPointExtension>
        </extensions>
      </trkpt>
      <trkpt lat="27.89368288829715" lon="102.2326214097539">
        <ele>0.0</ele>
        <time>2026-05-03T15:35:33Z</time>
        <extensions>
          <gpxtpx:TrackPointExtension>
            <gpxtpx:hr>152</gpxtpx:hr>
          </gpxtpx:TrackPointExtension>
        </extensions>
      </trkpt>
      <trkpt lat="27.89365187397411" lon="102.23260639784232">
        <ele>0.0</ele>
        <time>2026-05-03T15:35:34Z</time>
        <extensions>
          <gpxtpx:TrackPointExtension>
            <gpxtpx:hr>152</gpxtpx:hr>
          </gpxtpx:TrackPointExtension>
        </extensions>
      </trkpt>
      <trkpt lat="27.89362186390623" lon="102.23259839190692">
        <ele>0.0</ele>
        <time>2026-05-03T15:35:35Z</time>
        <extensions>
          <gpxtpx:TrackPointExtension>
            <gpxtpx:hr>152</gpxtpx:hr>
          </gpxtpx:TrackPointExtension>
        </extensions>
      </trkpt>
      <trkpt lat="27.89359284993111" lon="102.2325833799184">
        <ele>0.0</ele>
        <time>2026-05-03T15:35:36Z</time>
        <extensions>
          <gpxtpx:TrackPointExtension>
            <gpxtpx:hr>154</gpxtpx:hr>
          </gpxtpx:TrackPointExtension>
        </extensions>
      </trkpt>
      <trkpt lat="27.89356483612805" lon="102.23256836788921">
        <ele>0.0</ele>
        <time>2026-05-03T15:35:37Z</time>
        <extensions>
          <gpxtpx:TrackPointExtension>
            <gpxtpx:hr>154</gpxtpx:hr>
          </gpxtpx:TrackPointExtension>
        </extensions>
      </trkpt>
      <trkpt lat="27.89353581745728" lon="102.23254534899041">
        <ele>0.0</ele>
        <time>2026-05-03T15:35:38Z</time>
        <extensions>
          <gpxtpx:TrackPointExtension>
            <gpxtpx:hr>153</gpxtpx:hr>
          </gpxtpx:TrackPointExtension>
        </extensions>
      </trkpt>
      <trkpt lat="27.89350880381387" lon="102.23253033690622">
        <ele>0.0</ele>
        <time>2026-05-03T15:35:39Z</time>
        <extensions>
          <gpxtpx:TrackPointExtension>
            <gpxtpx:hr>153</gpxtpx:hr>
          </gpxtpx:TrackPointExtension>
        </extensions>
      </trkpt>
      <trkpt lat="27.893480785291786" lon="102.23250731793974">
        <ele>0.0</ele>
        <time>2026-05-03T15:35:40Z</time>
        <extensions>
          <gpxtpx:TrackPointExtension>
            <gpxtpx:hr>154</gpxtpx:hr>
          </gpxtpx:TrackPointExtension>
        </extensions>
      </trkpt>
      <trkpt lat="27.8934237480104" lon="102.23246127997197">
        <ele>0.0</ele>
        <time>2026-05-03T15:35:42Z</time>
        <extensions>
          <gpxtpx:TrackPointExtension>
            <gpxtpx:hr>153</gpxtpx:hr>
          </gpxtpx:TrackPointExtension>
        </extensions>
      </trkpt>
      <trkpt lat="27.893392733601335" lon="102.23244626796047">
        <ele>0.0</ele>
        <time>2026-05-03T15:35:43Z</time>
        <extensions>
          <gpxtpx:TrackPointExtension>
            <gpxtpx:hr>152</gpxtpx:hr>
          </gpxtpx:TrackPointExtension>
        </extensions>
      </trkpt>
      <trkpt lat="27.893362714649573" lon="102.23242324897613">
        <ele>0.0</ele>
        <time>2026-05-03T15:35:44Z</time>
        <extensions>
          <gpxtpx:TrackPointExtension>
            <gpxtpx:hr>152</gpxtpx:hr>
          </gpxtpx:TrackPointExtension>
        </extensions>
      </trkpt>
      <trkpt lat="27.893331700220095" lon="102.23240823694091">
        <ele>0.0</ele>
        <time>2026-05-03T15:35:45Z</time>
        <extensions>
          <gpxtpx:TrackPointExtension>
            <gpxtpx:hr>151</gpxtpx:hr>
          </gpxtpx:TrackPointExtension>
        </extensions>
      </trkpt>
      <trkpt lat="27.893303686322863" lon="102.23239322480248">
        <ele>0.0</ele>
        <time>2026-05-03T15:35:46Z</time>
        <extensions>
          <gpxtpx:TrackPointExtension>
            <gpxtpx:hr>152</gpxtpx:hr>
          </gpxtpx:TrackPointExtension>
        </extensions>
      </trkpt>
      <trkpt lat="27.893272671286162" lon="102.23237721187996">
        <ele>0.0</ele>
        <time>2026-05-03T15:35:47Z</time>
        <extensions>
          <gpxtpx:TrackPointExtension>
            <gpxtpx:hr>152</gpxtpx:hr>
          </gpxtpx:TrackPointExtension>
        </extensions>
      </trkpt>
      <trkpt lat="27.89324565755238" lon="102.23236219969091">
        <ele>0.0</ele>
        <time>2026-05-03T15:35:48Z</time>
        <extensions>
          <gpxtpx:TrackPointExtension>
            <gpxtpx:hr>151</gpxtpx:hr>
          </gpxtpx:TrackPointExtension>
        </extensions>
      </trkpt>
      <trkpt lat="27.893242629756244" lon="102.23231615975628">
        <ele>0.0</ele>
        <time>2026-05-03T15:35:49Z</time>
        <extensions>
          <gpxtpx:TrackPointExtension>
            <gpxtpx:hr>152</gpxtpx:hr>
          </gpxtpx:TrackPointExtension>
        </extensions>
      </trkpt>
      <trkpt lat="27.893232614298796" lon="102.23229314002188">
        <ele>0.0</ele>
        <time>2026-05-03T15:35:50Z</time>
        <extensions>
          <gpxtpx:TrackPointExtension>
            <gpxtpx:hr>152</gpxtpx:hr>
          </gpxtpx:TrackPointExtension>
        </extensions>
      </trkpt>
      <trkpt lat="27.89322161707007" lon="102.23230114734145">
        <ele>0.0</ele>
        <time>2026-05-03T15:35:51Z</time>
        <extensions>
          <gpxtpx:TrackPointExtension>
            <gpxtpx:hr>153</gpxtpx:hr>
          </gpxtpx:TrackPointExtension>
        </extensions>
      </trkpt>
      <trkpt lat="27.893211610516914" lon="102.23229314067885">
        <ele>0.0</ele>
        <time>2026-05-03T15:35:52Z</time>
        <extensions>
          <gpxtpx:TrackPointExtension>
            <gpxtpx:hr>153</gpxtpx:hr>
          </gpxtpx:TrackPointExtension>
        </extensions>
      </trkpt>
      <trkpt lat="27.893203604916085" lon="102.23228613482343">
        <ele>0.0</ele>
        <time>2026-05-03T15:35:53Z</time>
        <extensions>
          <gpxtpx:TrackPointExtension>
            <gpxtpx:hr>152</gpxtpx:hr>
          </gpxtpx:TrackPointExtension>
        </extensions>
      </trkpt>
      <trkpt lat="27.893194598538702" lon="102.23227812812455">
        <ele>0.0</ele>
        <time>2026-05-03T15:35:54Z</time>
        <extensions>
          <gpxtpx:TrackPointExtension>
            <gpxtpx:hr>152</gpxtpx:hr>
          </gpxtpx:TrackPointExtension>
        </extensions>
      </trkpt>
      <trkpt lat="27.893184592573924" lon="102.23227112232733">
        <ele>0.0</ele>
        <time>2026-05-03T15:35:55Z</time>
        <extensions>
          <gpxtpx:TrackPointExtension>
            <gpxtpx:hr>151</gpxtpx:hr>
          </gpxtpx:TrackPointExtension>
        </extensions>
      </trkpt>
      <trkpt lat="27.893173590592976" lon="102.23227112267146">
        <ele>0.0</ele>
        <time>2026-05-03T15:35:56Z</time>
        <extensions>
          <gpxtpx:TrackPointExtension>
            <gpxtpx:hr>151</gpxtpx:hr>
          </gpxtpx:TrackPointExtension>
        </extensions>
      </trkpt>
      <trkpt lat="27.893160588251867" lon="102.23227112307816">
        <ele>0.0</ele>
        <time>2026-05-03T15:35:57Z</time>
        <extensions>
          <gpxtpx:TrackPointExtension>
            <gpxtpx:hr>151</gpxtpx:hr>
          </gpxtpx:TrackPointExtension>
        </extensions>
      </trkpt>
      <trkpt lat="27.89313957970919" lon="102.23226311674972">
        <ele>0.0</ele>
        <time>2026-05-03T15:35:58Z</time>
        <extensions>
          <gpxtpx:TrackPointExtension>
            <gpxtpx:hr>151</gpxtpx:hr>
          </gpxtpx:TrackPointExtension>
        </extensions>
      </trkpt>
      <trkpt lat="27.893112574846974" lon="102.23226311759441">
        <ele>0.0</ele>
        <time>2026-05-03T15:35:59Z</time>
        <extensions>
          <gpxtpx:TrackPointExtension>
            <gpxtpx:hr>151</gpxtpx:hr>
          </gpxtpx:TrackPointExtension>
        </extensions>
      </trkpt>
      <trkpt lat="27.893085565221597" lon="102.23225511145102">
        <ele>0.0</ele>
        <time>2026-05-03T15:36:00Z</time>
        <extensions>
          <gpxtpx:TrackPointExtension>
            <gpxtpx:hr>150</gpxtpx:hr>
          </gpxtpx:TrackPointExtension>
        </extensions>
      </trkpt>
      <trkpt lat="27.893057551242165" lon="102.23224009921717">
        <ele>0.0</ele>
        <time>2026-05-03T15:36:01Z</time>
        <extensions>
          <gpxtpx:TrackPointExtension>
            <gpxtpx:hr>150</gpxtpx:hr>
          </gpxtpx:TrackPointExtension>
        </extensions>
      </trkpt>
      <trkpt lat="27.893030537434765" lon="102.23222508694268">
        <ele>0.0</ele>
        <time>2026-05-03T15:36:02Z</time>
        <extensions>
          <gpxtpx:TrackPointExtension>
            <gpxtpx:hr>150</gpxtpx:hr>
          </gpxtpx:TrackPointExtension>
        </extensions>
      </trkpt>
      <trkpt lat="27.893005523979458" lon="102.23221007459627">
        <ele>0.0</ele>
        <time>2026-05-03T15:36:03Z</time>
        <extensions>
          <gpxtpx:TrackPointExtension>
            <gpxtpx:hr>150</gpxtpx:hr>
          </gpxtpx:TrackPointExtension>
        </extensions>
      </trkpt>
      <trkpt lat="27.892982506093414" lon="102.23218705516726">
        <ele>0.0</ele>
        <time>2026-05-03T15:36:04Z</time>
        <extensions>
          <gpxtpx:TrackPointExtension>
            <gpxtpx:hr>150</gpxtpx:hr>
          </gpxtpx:TrackPointExtension>
        </extensions>
      </trkpt>
      <trkpt lat="27.892958488008293" lon="102.23216403574754">
        <ele>0.0</ele>
        <time>2026-05-03T15:36:05Z</time>
        <extensions>
          <gpxtpx:TrackPointExtension>
            <gpxtpx:hr>151</gpxtpx:hr>
          </gpxtpx:TrackPointExtension>
        </extensions>
      </trkpt>
      <trkpt lat="27.89293347452017" lon="102.23214902336312">
        <ele>0.0</ele>
        <time>2026-05-03T15:36:06Z</time>
        <extensions>
          <gpxtpx:TrackPointExtension>
            <gpxtpx:hr>151</gpxtpx:hr>
          </gpxtpx:TrackPointExtension>
        </extensions>
      </trkpt>
      <trkpt lat="27.89291245694386" lon="102.23212600381325">
        <ele>0.0</ele>
        <time>2026-05-03T15:36:07Z</time>
        <extensions>
          <gpxtpx:TrackPointExtension>
            <gpxtpx:hr>150</gpxtpx:hr>
          </gpxtpx:TrackPointExtension>
        </extensions>
      </trkpt>
      <trkpt lat="27.892889438988412" lon="102.23210298430396">
        <ele>0.0</ele>
        <time>2026-05-03T15:36:08Z</time>
        <extensions>
          <gpxtpx:TrackPointExtension>
            <gpxtpx:hr>150</gpxtpx:hr>
          </gpxtpx:TrackPointExtension>
        </extensions>
      </trkpt>
      <trkpt lat="27.89286642101396" lon="102.23207996477274">
        <ele>0.0</ele>
        <time>2026-05-03T15:36:09Z</time>
        <extensions>
          <gpxtpx:TrackPointExtension>
            <gpxtpx:hr>151</gpxtpx:hr>
          </gpxtpx:TrackPointExtension>
        </extensions>
      </trkpt>
      <trkpt lat="27.89285140446099" lon="102.23205694496924">
        <ele>0.0</ele>
        <time>2026-05-03T15:36:10Z</time>
        <extensions>
          <gpxtpx:TrackPointExtension>
            <gpxtpx:hr>150</gpxtpx:hr>
          </gpxtpx:TrackPointExtension>
        </extensions>
      </trkpt>
      <trkpt lat="27.89282636312925" lon="102.23199589187809">
        <ele>0.0</ele>
        <time>2026-05-03T15:36:12Z</time>
        <extensions>
          <gpxtpx:TrackPointExtension>
            <gpxtpx:hr>149</gpxtpx:hr>
          </gpxtpx:TrackPointExtension>
        </extensions>
      </trkpt>
      <trkpt lat="27.89281134650681" lon="102.2319728719944">
        <ele>0.0</ele>
        <time>2026-05-03T15:36:13Z</time>
        <extensions>
          <gpxtpx:TrackPointExtension>
            <gpxtpx:hr>149</gpxtpx:hr>
          </gpxtpx:TrackPointExtension>
        </extensions>
      </trkpt>
      <trkpt lat="27.89278833327598" lon="102.23195785942848">
        <ele>0.0</ele>
        <time>2026-05-03T15:36:14Z</time>
        <extensions>
          <gpxtpx:TrackPointExtension>
            <gpxtpx:hr>149</gpxtpx:hr>
          </gpxtpx:TrackPointExtension>
        </extensions>
      </trkpt>
      <trkpt lat="27.892759332903175" lon="102.23196586742256">
        <ele>0.0</ele>
        <time>2026-05-03T15:36:15Z</time>
        <extensions>
          <gpxtpx:TrackPointExtension>
            <gpxtpx:hr>150</gpxtpx:hr>
          </gpxtpx:TrackPointExtension>
        </extensions>
      </trkpt>
      <trkpt lat="27.892733337307053" lon="102.23198088151652">
        <ele>0.0</ele>
        <time>2026-05-03T15:36:16Z</time>
        <extensions>
          <gpxtpx:TrackPointExtension>
            <gpxtpx:hr>150</gpxtpx:hr>
          </gpxtpx:TrackPointExtension>
        </extensions>
      </trkpt>
      <trkpt lat="27.892708346720767" lon="102.23200390264402">
        <ele>0.0</ele>
        <time>2026-05-03T15:36:17Z</time>
        <extensions>
          <gpxtpx:TrackPointExtension>
            <gpxtpx:hr>149</gpxtpx:hr>
          </gpxtpx:TrackPointExtension>
        </extensions>
      </trkpt>
      <trkpt lat="27.892687361061107" lon="102.23203392980543">
        <ele>0.0</ele>
        <time>2026-05-03T15:36:18Z</time>
        <extensions>
          <gpxtpx:TrackPointExtension>
            <gpxtpx:hr>149</gpxtpx:hr>
          </gpxtpx:TrackPointExtension>
        </extensions>
      </trkpt>
      <trkpt lat="27.892668376331596" lon="102.23206495774845">
        <ele>0.0</ele>
        <time>2026-05-03T15:36:19Z</time>
        <extensions>
          <gpxtpx:TrackPointExtension>
            <gpxtpx:hr>150</gpxtpx:hr>
          </gpxtpx:TrackPointExtension>
        </extensions>
      </trkpt>
      <trkpt lat="27.892645395055393" lon="102.23210299193767">
        <ele>0.0</ele>
        <time>2026-05-03T15:36:20Z</time>
        <extensions>
          <gpxtpx:TrackPointExtension>
            <gpxtpx:hr>150</gpxtpx:hr>
          </gpxtpx:TrackPointExtension>
        </extensions>
      </trkpt>
      <trkpt lat="27.892624409288953" lon="102.23213301897569">
        <ele>0.0</ele>
        <time>2026-05-03T15:36:21Z</time>
        <extensions>
          <gpxtpx:TrackPointExtension>
            <gpxtpx:hr>149</gpxtpx:hr>
          </gpxtpx:TrackPointExtension>
        </extensions>
      </trkpt>
      <trkpt lat="27.89260542923852" lon="102.23217205380953">
        <ele>0.0</ele>
        <time>2026-05-03T15:36:22Z</time>
        <extensions>
          <gpxtpx:TrackPointExtension>
            <gpxtpx:hr>149</gpxtpx:hr>
          </gpxtpx:TrackPointExtension>
        </extensions>
      </trkpt>
      <trkpt lat="27.892586443757683" lon="102.23220208069895">
        <ele>0.0</ele>
        <time>2026-05-03T15:36:23Z</time>
        <extensions>
          <gpxtpx:TrackPointExtension>
            <gpxtpx:hr>150</gpxtpx:hr>
          </gpxtpx:TrackPointExtension>
        </extensions>
      </trkpt>
      <trkpt lat="27.89256745824446" lon="102.23223210755097">
        <ele>0.0</ele>
        <time>2026-05-03T15:36:24Z</time>
        <extensions>
          <gpxtpx:TrackPointExtension>
            <gpxtpx:hr>150</gpxtpx:hr>
          </gpxtpx:TrackPointExtension>
        </extensions>
      </trkpt>
      <trkpt lat="27.89254947347415" lon="102.23226313520763">
        <ele>0.0</ele>
        <time>2026-05-03T15:36:25Z</time>
        <extensions>
          <gpxtpx:TrackPointExtension>
            <gpxtpx:hr>149</gpxtpx:hr>
          </gpxtpx:TrackPointExtension>
        </extensions>
      </trkpt>
      <trkpt lat="27.89253448861518" lon="102.23229316185841">
        <ele>0.0</ele>
        <time>2026-05-03T15:36:26Z</time>
        <extensions>
          <gpxtpx:TrackPointExtension>
            <gpxtpx:hr>149</gpxtpx:hr>
          </gpxtpx:TrackPointExtension>
        </extensions>
      </trkpt>
      <trkpt lat="27.892523509780325" lon="102.23233219618253">
        <ele>0.0</ele>
        <time>2026-05-03T15:36:27Z</time>
        <extensions>
          <gpxtpx:TrackPointExtension>
            <gpxtpx:hr>150</gpxtpx:hr>
          </gpxtpx:TrackPointExtension>
        </extensions>
      </trkpt>
      <trkpt lat="27.89251752646706" lon="102.23236222246561">
        <ele>0.0</ele>
        <time>2026-05-03T15:36:28Z</time>
        <extensions>
          <gpxtpx:TrackPointExtension>
            <gpxtpx:hr>150</gpxtpx:hr>
          </gpxtpx:TrackPointExtension>
        </extensions>
      </trkpt>
      <trkpt lat="27.89251554856518" lon="102.2324002555286">
        <ele>0.0</ele>
        <time>2026-05-03T15:36:29Z</time>
        <extensions>
          <gpxtpx:TrackPointExtension>
            <gpxtpx:hr>150</gpxtpx:hr>
          </gpxtpx:TrackPointExtension>
        </extensions>
      </trkpt>
      <trkpt lat="27.89252356357325" lon="102.23242327522307">
        <ele>0.0</ele>
        <time>2026-05-03T15:36:30Z</time>
        <extensions>
          <gpxtpx:TrackPointExtension>
            <gpxtpx:hr>150</gpxtpx:hr>
          </gpxtpx:TrackPointExtension>
        </extensions>
      </trkpt>
      <trkpt lat="27.89257059029175" lon="102.23245430059995">
        <ele>0.0</ele>
        <time>2026-05-03T15:36:33Z</time>
        <extensions>
          <gpxtpx:TrackPointExtension>
            <gpxtpx:hr>151</gpxtpx:hr>
          </gpxtpx:TrackPointExtension>
        </extensions>
      </trkpt>
      <trkpt lat="27.892595598910415" lon="102.23246130587462">
        <ele>0.0</ele>
        <time>2026-05-03T15:36:34Z</time>
        <extensions>
          <gpxtpx:TrackPointExtension>
            <gpxtpx:hr>152</gpxtpx:hr>
          </gpxtpx:TrackPointExtension>
        </extensions>
      </trkpt>
      <trkpt lat="27.89261859893362" lon="102.23245429909838">
        <ele>0.0</ele>
        <time>2026-05-03T15:36:35Z</time>
        <extensions>
          <gpxtpx:TrackPointExtension>
            <gpxtpx:hr>152</gpxtpx:hr>
          </gpxtpx:TrackPointExtension>
        </extensions>
      </trkpt>
      <trkpt lat="27.89263759764628" lon="102.23244629157952">
        <ele>0.0</ele>
        <time>2026-05-03T15:36:36Z</time>
        <extensions>
          <gpxtpx:TrackPointExtension>
            <gpxtpx:hr>152</gpxtpx:hr>
          </gpxtpx:TrackPointExtension>
        </extensions>
      </trkpt>
      <trkpt lat="27.892650591152886" lon="102.23243127818223">
        <ele>0.0</ele>
        <time>2026-05-03T15:36:37Z</time>
        <extensions>
          <gpxtpx:TrackPointExtension>
            <gpxtpx:hr>153</gpxtpx:hr>
          </gpxtpx:TrackPointExtension>
        </extensions>
      </trkpt>
      <trkpt lat="27.892709610609554" lon="102.23244628932713">
        <ele>0.0</ele>
        <time>2026-05-03T15:36:40Z</time>
        <extensions>
          <gpxtpx:TrackPointExtension>
            <gpxtpx:hr>152</gpxtpx:hr>
          </gpxtpx:TrackPointExtension>
        </extensions>
      </trkpt>
      <trkpt lat="27.89272862285632" lon="102.23246130171397">
        <ele>0.0</ele>
        <time>2026-05-03T15:36:41Z</time>
        <extensions>
          <gpxtpx:TrackPointExtension>
            <gpxtpx:hr>152</gpxtpx:hr>
          </gpxtpx:TrackPointExtension>
        </extensions>
      </trkpt>
      <trkpt lat="27.892748635275055" lon="102.23247631406018">
        <ele>0.0</ele>
        <time>2026-05-03T15:36:42Z</time>
        <extensions>
          <gpxtpx:TrackPointExtension>
            <gpxtpx:hr>151</gpxtpx:hr>
          </gpxtpx:TrackPointExtension>
        </extensions>
      </trkpt>
      <trkpt lat="27.892769643755617" lon="102.23248432031775">
        <ele>0.0</ele>
        <time>2026-05-03T15:36:43Z</time>
        <extensions>
          <gpxtpx:TrackPointExtension>
            <gpxtpx:hr>151</gpxtpx:hr>
          </gpxtpx:TrackPointExtension>
        </extensions>
      </trkpt>
      <trkpt lat="27.892791656522075" lon="102.23249933258703">
        <ele>0.0</ele>
        <time>2026-05-03T15:36:44Z</time>
        <extensions>
          <gpxtpx:TrackPointExtension>
            <gpxtpx:hr>150</gpxtpx:hr>
          </gpxtpx:TrackPointExtension>
        </extensions>
      </trkpt>
      <trkpt lat="27.89281667040681" lon="102.23251534561597">
        <ele>0.0</ele>
        <time>2026-05-03T15:36:45Z</time>
        <extensions>
          <gpxtpx:TrackPointExtension>
            <gpxtpx:hr>150</gpxtpx:hr>
          </gpxtpx:TrackPointExtension>
        </extensions>
      </trkpt>
      <trkpt lat="27.89284167901056" lon="102.23252235087286">
        <ele>0.0</ele>
        <time>2026-05-03T15:36:46Z</time>
        <extensions>
          <gpxtpx:TrackPointExtension>
            <gpxtpx:hr>150</gpxtpx:hr>
          </gpxtpx:TrackPointExtension>
        </extensions>
      </trkpt>
      <trkpt lat="27.89286469193663" lon="102.23253736308713">
        <ele>0.0</ele>
        <time>2026-05-03T15:36:47Z</time>
        <extensions>
          <gpxtpx:TrackPointExtension>
            <gpxtpx:hr>149</gpxtpx:hr>
          </gpxtpx:TrackPointExtension>
        </extensions>
      </trkpt>
      <trkpt lat="27.89288770543943" lon="102.23255337615333">
        <ele>0.0</ele>
        <time>2026-05-03T15:36:48Z</time>
        <extensions>
          <gpxtpx:TrackPointExtension>
            <gpxtpx:hr>149</gpxtpx:hr>
          </gpxtpx:TrackPointExtension>
        </extensions>
      </trkpt>
      <trkpt lat="27.892913718888995" lon="102.23256838825438">
        <ele>0.0</ele>
        <time>2026-05-03T15:36:49Z</time>
        <extensions>
          <gpxtpx:TrackPointExtension>
            <gpxtpx:hr>150</gpxtpx:hr>
          </gpxtpx:TrackPointExtension>
        </extensions>
      </trkpt>
      <trkpt lat="27.892938732150412" lon="102.23258340037735">
        <ele>0.0</ele>
        <time>2026-05-03T15:36:50Z</time>
        <extensions>
          <gpxtpx:TrackPointExtension>
            <gpxtpx:hr>150</gpxtpx:hr>
          </gpxtpx:TrackPointExtension>
        </extensions>
      </trkpt>
      <trkpt lat="27.89296575042812" lon="102.23260641930224">
        <ele>0.0</ele>
        <time>2026-05-03T15:36:51Z</time>
        <extensions>
          <gpxtpx:TrackPointExtension>
            <gpxtpx:hr>150</gpxtpx:hr>
          </gpxtpx:TrackPointExtension>
        </extensions>
      </trkpt>
      <trkpt lat="27.892992764029202" lon="102.23262143133891">
        <ele>0.0</ele>
        <time>2026-05-03T15:36:52Z</time>
        <extensions>
          <gpxtpx:TrackPointExtension>
            <gpxtpx:hr>151</gpxtpx:hr>
          </gpxtpx:TrackPointExtension>
        </extensions>
      </trkpt>
      <trkpt lat="27.893014781375086" lon="102.2326444503838">
        <ele>0.0</ele>
        <time>2026-05-03T15:36:53Z</time>
        <extensions>
          <gpxtpx:TrackPointExtension>
            <gpxtpx:hr>151</gpxtpx:hr>
          </gpxtpx:TrackPointExtension>
        </extensions>
      </trkpt>
      <trkpt lat="27.893037794235383" lon="102.23265946252185">
        <ele>0.0</ele>
        <time>2026-05-03T15:36:54Z</time>
        <extensions>
          <gpxtpx:TrackPointExtension>
            <gpxtpx:hr>151</gpxtpx:hr>
          </gpxtpx:TrackPointExtension>
        </extensions>
      </trkpt>
      <trkpt lat="27.893062808028148" lon="102.23267547544415">
        <ele>0.0</ele>
        <time>2026-05-03T15:36:55Z</time>
        <extensions>
          <gpxtpx:TrackPointExtension>
            <gpxtpx:hr>151</gpxtpx:hr>
          </gpxtpx:TrackPointExtension>
        </extensions>
      </trkpt>
      <trkpt lat="27.89309382231236" lon="102.23269048731257">
        <ele>0.0</ele>
        <time>2026-05-03T15:36:56Z</time>
        <extensions>
          <gpxtpx:TrackPointExtension>
            <gpxtpx:hr>151</gpxtpx:hr>
          </gpxtpx:TrackPointExtension>
        </extensions>
      </trkpt>
      <trkpt lat="27.893125836768593" lon="102.23270549914032">
        <ele>0.0</ele>
        <time>2026-05-03T15:36:57Z</time>
        <extensions>
          <gpxtpx:TrackPointExtension>
            <gpxtpx:hr>151</gpxtpx:hr>
          </gpxtpx:TrackPointExtension>
        </extensions>
      </trkpt>
      <trkpt lat="27.8931598562059" lon="102.23272851772931">
        <ele>0.0</ele>
        <time>2026-05-03T15:36:58Z</time>
        <extensions>
          <gpxtpx:TrackPointExtension>
            <gpxtpx:hr>151</gpxtpx:hr>
          </gpxtpx:TrackPointExtension>
        </extensions>
      </trkpt>
      <trkpt lat="27.89319287082179" lon="102.23274352950203">
        <ele>0.0</ele>
        <time>2026-05-03T15:36:59Z</time>
        <extensions>
          <gpxtpx:TrackPointExtension>
            <gpxtpx:hr>151</gpxtpx:hr>
          </gpxtpx:TrackPointExtension>
        </extensions>
      </trkpt>
      <trkpt lat="27.893226885609717" lon="102.23275854123408">
        <ele>0.0</ele>
        <time>2026-05-03T15:37:00Z</time>
        <extensions>
          <gpxtpx:TrackPointExtension>
            <gpxtpx:hr>151</gpxtpx:hr>
          </gpxtpx:TrackPointExtension>
        </extensions>
      </trkpt>
      <trkpt lat="27.893260905003228" lon="102.23278155977223">
        <ele>0.0</ele>
        <time>2026-05-03T15:37:01Z</time>
        <extensions>
          <gpxtpx:TrackPointExtension>
            <gpxtpx:hr>152</gpxtpx:hr>
          </gpxtpx:TrackPointExtension>
        </extensions>
      </trkpt>
      <trkpt lat="27.89329592052682" lon="102.23279757230037">
        <ele>0.0</ele>
        <time>2026-05-03T15:37:02Z</time>
        <extensions>
          <gpxtpx:TrackPointExtension>
            <gpxtpx:hr>152</gpxtpx:hr>
          </gpxtpx:TrackPointExtension>
        </extensions>
      </trkpt>
      <trkpt lat="27.893325938592522" lon="102.23281959007609">
        <ele>0.0</ele>
        <time>2026-05-03T15:37:03Z</time>
        <extensions>
          <gpxtpx:TrackPointExtension>
            <gpxtpx:hr>152</gpxtpx:hr>
          </gpxtpx:TrackPointExtension>
        </extensions>
      </trkpt>
      <trkpt lat="27.893359953914207" lon="102.23283560261015">
        <ele>0.0</ele>
        <time>2026-05-03T15:37:04Z</time>
        <extensions>
          <gpxtpx:TrackPointExtension>
            <gpxtpx:hr>152</gpxtpx:hr>
          </gpxtpx:TrackPointExtension>
        </extensions>
      </trkpt>
      <trkpt lat="27.893390968112367" lon="102.23285061437849">
        <ele>0.0</ele>
        <time>2026-05-03T15:37:05Z</time>
        <extensions>
          <gpxtpx:TrackPointExtension>
            <gpxtpx:hr>152</gpxtpx:hr>
          </gpxtpx:TrackPointExtension>
        </extensions>
      </trkpt>
      <trkpt lat="27.893422982482562" lon="102.23286562610618">
        <ele>0.0</ele>
        <time>2026-05-03T15:37:06Z</time>
        <extensions>
          <gpxtpx:TrackPointExtension>
            <gpxtpx:hr>152</gpxtpx:hr>
          </gpxtpx:TrackPointExtension>
        </extensions>
      </trkpt>
      <trkpt lat="27.893455997024812" lon="102.23288063779319">
        <ele>0.0</ele>
        <time>2026-05-03T15:37:07Z</time>
        <extensions>
          <gpxtpx:TrackPointExtension>
            <gpxtpx:hr>152</gpxtpx:hr>
          </gpxtpx:TrackPointExtension>
        </extensions>
      </trkpt>
      <trkpt lat="27.89348601559699" lon="102.23290365633942">
        <ele>0.0</ele>
        <time>2026-05-03T15:37:08Z</time>
        <extensions>
          <gpxtpx:TrackPointExtension>
            <gpxtpx:hr>152</gpxtpx:hr>
          </gpxtpx:TrackPointExtension>
        </extensions>
      </trkpt>
      <trkpt lat="27.89351903069036" lon="102.23291966884868">
        <ele>0.0</ele>
        <time>2026-05-03T15:37:09Z</time>
        <extensions>
          <gpxtpx:TrackPointExtension>
            <gpxtpx:hr>152</gpxtpx:hr>
          </gpxtpx:TrackPointExtension>
        </extensions>
      </trkpt>
      <trkpt lat="27.89355304081431" lon="102.23292667370619">
        <ele>0.0</ele>
        <time>2026-05-03T15:37:10Z</time>
        <extensions>
          <gpxtpx:TrackPointExtension>
            <gpxtpx:hr>152</gpxtpx:hr>
          </gpxtpx:TrackPointExtension>
        </extensions>
      </trkpt>
      <trkpt lat="27.893585055143657" lon="102.23294168538631">
        <ele>0.0</ele>
        <time>2026-05-03T15:37:11Z</time>
        <extensions>
          <gpxtpx:TrackPointExtension>
            <gpxtpx:hr>152</gpxtpx:hr>
          </gpxtpx:TrackPointExtension>
        </extensions>
      </trkpt>
      <trkpt lat="27.89361606985503" lon="102.23295769793276">
        <ele>0.0</ele>
        <time>2026-05-03T15:37:12Z</time>
        <extensions>
          <gpxtpx:TrackPointExtension>
            <gpxtpx:hr>152</gpxtpx:hr>
          </gpxtpx:TrackPointExtension>
        </extensions>
      </trkpt>
      <trkpt lat="27.893645079069" lon="102.23296470293556">
        <ele>0.0</ele>
        <time>2026-05-03T15:37:13Z</time>
        <extensions>
          <gpxtpx:TrackPointExtension>
            <gpxtpx:hr>153</gpxtpx:hr>
          </gpxtpx:TrackPointExtension>
        </extensions>
      </trkpt>
      <trkpt lat="27.893671092866573" lon="102.23298071562306">
        <ele>0.0</ele>
        <time>2026-05-03T15:37:14Z</time>
        <extensions>
          <gpxtpx:TrackPointExtension>
            <gpxtpx:hr>153</gpxtpx:hr>
          </gpxtpx:TrackPointExtension>
        </extensions>
      </trkpt>
      <trkpt lat="27.893698106266257" lon="102.23299572742575">
        <ele>0.0</ele>
        <time>2026-05-03T15:37:15Z</time>
        <extensions>
          <gpxtpx:TrackPointExtension>
            <gpxtpx:hr>153</gpxtpx:hr>
          </gpxtpx:TrackPointExtension>
        </extensions>
      </trkpt>
      <trkpt lat="27.893726124382997" lon="102.23301874592413">
        <ele>0.0</ele>
        <time>2026-05-03T15:37:16Z</time>
        <extensions>
          <gpxtpx:TrackPointExtension>
            <gpxtpx:hr>153</gpxtpx:hr>
          </gpxtpx:TrackPointExtension>
        </extensions>
      </trkpt>
      <trkpt lat="27.893753133221487" lon="102.23302575097169">
        <ele>0.0</ele>
        <time>2026-05-03T15:37:17Z</time>
        <extensions>
          <gpxtpx:TrackPointExtension>
            <gpxtpx:hr>153</gpxtpx:hr>
          </gpxtpx:TrackPointExtension>
        </extensions>
      </trkpt>
      <trkpt lat="27.89378214752433" lon="102.23304176352457">
        <ele>0.0</ele>
        <time>2026-05-03T15:37:18Z</time>
        <extensions>
          <gpxtpx:TrackPointExtension>
            <gpxtpx:hr>152</gpxtpx:hr>
          </gpxtpx:TrackPointExtension>
        </extensions>
      </trkpt>
      <trkpt lat="27.893810161071244" lon="102.23305677525778">
        <ele>0.0</ele>
        <time>2026-05-03T15:37:19Z</time>
        <extensions>
          <gpxtpx:TrackPointExtension>
            <gpxtpx:hr>152</gpxtpx:hr>
          </gpxtpx:TrackPointExtension>
        </extensions>
      </trkpt>
      <trkpt lat="27.893833173709385" lon="102.23307178713799">
        <ele>0.0</ele>
        <time>2026-05-03T15:37:20Z</time>
        <extensions>
          <gpxtpx:TrackPointExtension>
            <gpxtpx:hr>152</gpxtpx:hr>
          </gpxtpx:TrackPointExtension>
        </extensions>
      </trkpt>
      <trkpt lat="27.89385819122268" lon="102.23309480565719">
        <ele>0.0</ele>
        <time>2026-05-03T15:37:21Z</time>
        <extensions>
          <gpxtpx:TrackPointExtension>
            <gpxtpx:hr>151</gpxtpx:hr>
          </gpxtpx:TrackPointExtension>
        </extensions>
      </trkpt>
      <trkpt lat="27.89393223445941" lon="102.23314784773498">
        <ele>0.0</ele>
        <time>2026-05-03T15:37:24Z</time>
        <extensions>
          <gpxtpx:TrackPointExtension>
            <gpxtpx:hr>151</gpxtpx:hr>
          </gpxtpx:TrackPointExtension>
        </extensions>
      </trkpt>
      <trkpt lat="27.89395725190955" lon="102.23317086618113">
        <ele>0.0</ele>
        <time>2026-05-03T15:37:25Z</time>
        <extensions>
          <gpxtpx:TrackPointExtension>
            <gpxtpx:hr>152</gpxtpx:hr>
          </gpxtpx:TrackPointExtension>
        </extensions>
      </trkpt>
      <trkpt lat="27.89398426520657" lon="102.23318587786474">
        <ele>0.0</ele>
        <time>2026-05-03T15:37:26Z</time>
        <extensions>
          <gpxtpx:TrackPointExtension>
            <gpxtpx:hr>152</gpxtpx:hr>
          </gpxtpx:TrackPointExtension>
        </extensions>
      </trkpt>
      <trkpt lat="27.89401127905686" lon="102.23320189037322">
        <ele>0.0</ele>
        <time>2026-05-03T15:37:27Z</time>
        <extensions>
          <gpxtpx:TrackPointExtension>
            <gpxtpx:hr>152</gpxtpx:hr>
          </gpxtpx:TrackPointExtension>
        </extensions>
      </trkpt>
      <trkpt lat="27.89403928802967" lon="102.23320889533596">
        <ele>0.0</ele>
        <time>2026-05-03T15:37:28Z</time>
        <extensions>
          <gpxtpx:TrackPointExtension>
            <gpxtpx:hr>152</gpxtpx:hr>
          </gpxtpx:TrackPointExtension>
        </extensions>
      </trkpt>
      <trkpt lat="27.894068301666508" lon="102.2332239069332">
        <ele>0.0</ele>
        <time>2026-05-03T15:37:29Z</time>
        <extensions>
          <gpxtpx:TrackPointExtension>
            <gpxtpx:hr>152</gpxtpx:hr>
          </gpxtpx:TrackPointExtension>
        </extensions>
      </trkpt>
      <trkpt lat="27.894094315314764" lon="102.23323991944753">
        <ele>0.0</ele>
        <time>2026-05-03T15:37:30Z</time>
        <extensions>
          <gpxtpx:TrackPointExtension>
            <gpxtpx:hr>154</gpxtpx:hr>
          </gpxtpx:TrackPointExtension>
        </extensions>
      </trkpt>
      <trkpt lat="27.89412132857454" lon="102.23325493108787">
        <ele>0.0</ele>
        <time>2026-05-03T15:37:31Z</time>
        <extensions>
          <gpxtpx:TrackPointExtension>
            <gpxtpx:hr>154</gpxtpx:hr>
          </gpxtpx:TrackPointExtension>
        </extensions>
      </trkpt>
      <trkpt lat="27.89415034218653" lon="102.23326994265625">
        <ele>0.0</ele>
        <time>2026-05-03T15:37:32Z</time>
        <extensions>
          <gpxtpx:TrackPointExtension>
            <gpxtpx:hr>154</gpxtpx:hr>
          </gpxtpx:TrackPointExtension>
        </extensions>
      </trkpt>
      <trkpt lat="27.89417435488961" lon="102.23328495437161">
        <ele>0.0</ele>
        <time>2026-05-03T15:37:33Z</time>
        <extensions>
          <gpxtpx:TrackPointExtension>
            <gpxtpx:hr>154</gpxtpx:hr>
          </gpxtpx:TrackPointExtension>
        </extensions>
      </trkpt>
      <trkpt lat="27.894199368322514" lon="102.2333009668764">
        <ele>0.0</ele>
        <time>2026-05-03T15:37:34Z</time>
        <extensions>
          <gpxtpx:TrackPointExtension>
            <gpxtpx:hr>154</gpxtpx:hr>
          </gpxtpx:TrackPointExtension>
        </extensions>
      </trkpt>
      <trkpt lat="27.894224385645543" lon="102.23332398517536">
        <ele>0.0</ele>
        <time>2026-05-03T15:37:35Z</time>
        <extensions>
          <gpxtpx:TrackPointExtension>
            <gpxtpx:hr>155</gpxtpx:hr>
          </gpxtpx:TrackPointExtension>
        </extensions>
      </trkpt>
      <trkpt lat="27.8942473981392" lon="102.2333389968881">
        <ele>0.0</ele>
        <time>2026-05-03T15:37:36Z</time>
        <extensions>
          <gpxtpx:TrackPointExtension>
            <gpxtpx:hr>155</gpxtpx:hr>
          </gpxtpx:TrackPointExtension>
        </extensions>
      </trkpt>
      <trkpt lat="27.894270415070263" lon="102.23336201521305">
        <ele>0.0</ele>
        <time>2026-05-03T15:37:37Z</time>
        <extensions>
          <gpxtpx:TrackPointExtension>
            <gpxtpx:hr>155</gpxtpx:hr>
          </gpxtpx:TrackPointExtension>
        </extensions>
      </trkpt>
      <trkpt lat="27.894298428444177" lon="102.23337702674554">
        <ele>0.0</ele>
        <time>2026-05-03T15:37:38Z</time>
        <extensions>
          <gpxtpx:TrackPointExtension>
            <gpxtpx:hr>155</gpxtpx:hr>
          </gpxtpx:TrackPointExtension>
        </extensions>
      </trkpt>
      <trkpt lat="27.89432943846841" lon="102.23338503238982">
        <ele>0.0</ele>
        <time>2026-05-03T15:37:39Z</time>
        <extensions>
          <gpxtpx:TrackPointExtension>
            <gpxtpx:hr>155</gpxtpx:hr>
          </gpxtpx:TrackPointExtension>
        </extensions>
      </trkpt>
      <trkpt lat="27.89435744739542" lon="102.233392037299">
        <ele>0.0</ele>
        <time>2026-05-03T15:37:40Z</time>
        <extensions>
          <gpxtpx:TrackPointExtension>
            <gpxtpx:hr>155</gpxtpx:hr>
          </gpxtpx:TrackPointExtension>
        </extensions>
      </trkpt>
      <trkpt lat="27.89438645705508" lon="102.2334000430008">
        <ele>0.0</ele>
        <time>2026-05-03T15:37:41Z</time>
        <extensions>
          <gpxtpx:TrackPointExtension>
            <gpxtpx:hr>154</gpxtpx:hr>
          </gpxtpx:TrackPointExtension>
        </extensions>
      </trkpt>
      <trkpt lat="27.894413470228365" lon="102.23341505454073">
        <ele>0.0</ele>
        <time>2026-05-03T15:37:42Z</time>
        <extensions>
          <gpxtpx:TrackPointExtension>
            <gpxtpx:hr>154</gpxtpx:hr>
          </gpxtpx:TrackPointExtension>
        </extensions>
      </trkpt>
      <trkpt lat="27.89444147970128" lon="102.2334230602661">
        <ele>0.0</ele>
        <time>2026-05-03T15:37:43Z</time>
        <extensions>
          <gpxtpx:TrackPointExtension>
            <gpxtpx:hr>154</gpxtpx:hr>
          </gpxtpx:TrackPointExtension>
        </extensions>
      </trkpt>
      <trkpt lat="27.894470488799055" lon="102.23343006513288">
        <ele>0.0</ele>
        <time>2026-05-03T15:37:44Z</time>
        <extensions>
          <gpxtpx:TrackPointExtension>
            <gpxtpx:hr>154</gpxtpx:hr>
          </gpxtpx:TrackPointExtension>
        </extensions>
      </trkpt>
      <trkpt lat="27.89449750250869" lon="102.23344607747799">
        <ele>0.0</ele>
        <time>2026-05-03T15:37:45Z</time>
        <extensions>
          <gpxtpx:TrackPointExtension>
            <gpxtpx:hr>153</gpxtpx:hr>
          </gpxtpx:TrackPointExtension>
        </extensions>
      </trkpt>
      <trkpt lat="27.894525511420547" lon="102.23345308236931">
        <ele>0.0</ele>
        <time>2026-05-03T15:37:46Z</time>
        <extensions>
          <gpxtpx:TrackPointExtension>
            <gpxtpx:hr>153</gpxtpx:hr>
          </gpxtpx:TrackPointExtension>
        </extensions>
      </trkpt>
      <trkpt lat="27.89455652528601" lon="102.23346809375083">
        <ele>0.0</ele>
        <time>2026-05-03T15:37:47Z</time>
        <extensions>
          <gpxtpx:TrackPointExtension>
            <gpxtpx:hr>154</gpxtpx:hr>
          </gpxtpx:TrackPointExtension>
        </extensions>
      </trkpt>
      <trkpt lat="27.894582534383442" lon="102.23347609952103">
        <ele>0.0</ele>
        <time>2026-05-03T15:37:48Z</time>
        <extensions>
          <gpxtpx:TrackPointExtension>
            <gpxtpx:hr>154</gpxtpx:hr>
          </gpxtpx:TrackPointExtension>
        </extensions>
      </trkpt>
      <trkpt lat="27.894605546794942" lon="102.23349111113832">
        <ele>0.0</ele>
        <time>2026-05-03T15:37:49Z</time>
        <extensions>
          <gpxtpx:TrackPointExtension>
            <gpxtpx:hr>153</gpxtpx:hr>
          </gpxtpx:TrackPointExtension>
        </extensions>
      </trkpt>
      <trkpt lat="27.894628563599692" lon="102.23351412931689">
        <ele>0.0</ele>
        <time>2026-05-03T15:37:50Z</time>
        <extensions>
          <gpxtpx:TrackPointExtension>
            <gpxtpx:hr>153</gpxtpx:hr>
          </gpxtpx:TrackPointExtension>
        </extensions>
      </trkpt>
      <trkpt lat="27.894651575990565" lon="102.23352914091032">
        <ele>0.0</ele>
        <time>2026-05-03T15:37:51Z</time>
        <extensions>
          <gpxtpx:TrackPointExtension>
            <gpxtpx:hr>153</gpxtpx:hr>
          </gpxtpx:TrackPointExtension>
        </extensions>
      </trkpt>
      <trkpt lat="27.89466859168244" lon="102.23355215923992">
        <ele>0.0</ele>
        <time>2026-05-03T15:37:52Z</time>
        <extensions>
          <gpxtpx:TrackPointExtension>
            <gpxtpx:hr>153</gpxtpx:hr>
          </gpxtpx:TrackPointExtension>
        </extensions>
      </trkpt>
      <trkpt lat="27.894695621747168" lon="102.23359819605157">
        <ele>0.0</ele>
        <time>2026-05-03T15:37:54Z</time>
        <extensions>
          <gpxtpx:TrackPointExtension>
            <gpxtpx:hr>154</gpxtpx:hr>
          </gpxtpx:TrackPointExtension>
        </extensions>
      </trkpt>
      <trkpt lat="27.8947036357596" lon="102.23362121459616">
        <ele>0.0</ele>
        <time>2026-05-03T15:37:55Z</time>
        <extensions>
          <gpxtpx:TrackPointExtension>
            <gpxtpx:hr>151</gpxtpx:hr>
          </gpxtpx:TrackPointExtension>
        </extensions>
      </trkpt>
      <trkpt lat="27.894710645209017" lon="102.23363622662275">
        <ele>0.0</ele>
        <time>2026-05-03T15:37:56Z</time>
        <extensions>
          <gpxtpx:TrackPointExtension>
            <gpxtpx:hr>150</gpxtpx:hr>
          </gpxtpx:TrackPointExtension>
        </extensions>
      </trkpt>
      <trkpt lat="27.89472367641707" lon="102.2336892694081">
        <ele>0.0</ele>
        <time>2026-05-03T15:37:58Z</time>
        <extensions>
          <gpxtpx:TrackPointExtension>
            <gpxtpx:hr>148</gpxtpx:hr>
          </gpxtpx:TrackPointExtension>
        </extensions>
      </trkpt>
      <trkpt lat="27.8947316946949" lon="102.23372029436649">
        <ele>0.0</ele>
        <time>2026-05-03T15:37:59Z</time>
        <extensions>
          <gpxtpx:TrackPointExtension>
            <gpxtpx:hr>149</gpxtpx:hr>
          </gpxtpx:TrackPointExtension>
        </extensions>
      </trkpt>
      <trkpt lat="27.894735707884507" lon="102.23374331291848">
        <ele>0.0</ele>
        <time>2026-05-03T15:38:00Z</time>
        <extensions>
          <gpxtpx:TrackPointExtension>
            <gpxtpx:hr>148</gpxtpx:hr>
          </gpxtpx:TrackPointExtension>
        </extensions>
      </trkpt>
      <trkpt lat="27.89473972484004" lon="102.23377333712143">
        <ele>0.0</ele>
        <time>2026-05-03T15:38:01Z</time>
        <extensions>
          <gpxtpx:TrackPointExtension>
            <gpxtpx:hr>149</gpxtpx:hr>
          </gpxtpx:TrackPointExtension>
        </extensions>
      </trkpt>
      <trkpt lat="27.894739741581507" lon="102.23380436222075">
        <ele>0.0</ele>
        <time>2026-05-03T15:38:02Z</time>
        <extensions>
          <gpxtpx:TrackPointExtension>
            <gpxtpx:hr>149</gpxtpx:hr>
          </gpxtpx:TrackPointExtension>
        </extensions>
      </trkpt>
      <trkpt lat="27.894737757389223" lon="102.23383438653454">
        <ele>0.0</ele>
        <time>2026-05-03T15:38:03Z</time>
        <extensions>
          <gpxtpx:TrackPointExtension>
            <gpxtpx:hr>149</gpxtpx:hr>
          </gpxtpx:TrackPointExtension>
        </extensions>
      </trkpt>
      <trkpt lat="27.894739774422284" lon="102.2338654114919">
        <ele>0.0</ele>
        <time>2026-05-03T15:38:04Z</time>
        <extensions>
          <gpxtpx:TrackPointExtension>
            <gpxtpx:hr>150</gpxtpx:hr>
          </gpxtpx:TrackPointExtension>
        </extensions>
      </trkpt>
      <trkpt lat="27.894740794992202" lon="102.23390344207512">
        <ele>0.0</ele>
        <time>2026-05-03T15:38:05Z</time>
        <extensions>
          <gpxtpx:TrackPointExtension>
            <gpxtpx:hr>150</gpxtpx:hr>
          </gpxtpx:TrackPointExtension>
        </extensions>
      </trkpt>
      <trkpt lat="27.894737810511597" lon="102.23393346629545">
        <ele>0.0</ele>
        <time>2026-05-03T15:38:06Z</time>
        <extensions>
          <gpxtpx:TrackPointExtension>
            <gpxtpx:hr>150</gpxtpx:hr>
          </gpxtpx:TrackPointExtension>
        </extensions>
      </trkpt>
      <trkpt lat="27.894727825270458" lon="102.2339644914992">
        <ele>0.0</ele>
        <time>2026-05-03T15:38:07Z</time>
        <extensions>
          <gpxtpx:TrackPointExtension>
            <gpxtpx:hr>148</gpxtpx:hr>
          </gpxtpx:TrackPointExtension>
        </extensions>
      </trkpt>
      <trkpt lat="27.894712838560764" lon="102.23399451601792">
        <ele>0.0</ele>
        <time>2026-05-03T15:38:08Z</time>
        <extensions>
          <gpxtpx:TrackPointExtension>
            <gpxtpx:hr>149</gpxtpx:hr>
          </gpxtpx:TrackPointExtension>
        </extensions>
      </trkpt>
      <trkpt lat="27.894697848097103" lon="102.23401753489945">
        <ele>0.0</ele>
        <time>2026-05-03T15:38:09Z</time>
        <extensions>
          <gpxtpx:TrackPointExtension>
            <gpxtpx:hr>149</gpxtpx:hr>
          </gpxtpx:TrackPointExtension>
        </extensions>
      </trkpt>
      <trkpt lat="27.89468585815478" lon="102.23404055366491">
        <ele>0.0</ele>
        <time>2026-05-03T15:38:10Z</time>
        <extensions>
          <gpxtpx:TrackPointExtension>
            <gpxtpx:hr>150</gpxtpx:hr>
          </gpxtpx:TrackPointExtension>
        </extensions>
      </trkpt>
      <trkpt lat="27.89467687297304" lon="102.23407157869792">
        <ele>0.0</ele>
        <time>2026-05-03T15:38:11Z</time>
        <extensions>
          <gpxtpx:TrackPointExtension>
            <gpxtpx:hr>149</gpxtpx:hr>
          </gpxtpx:TrackPointExtension>
        </extensions>
      </trkpt>
      <trkpt lat="27.894668883177335" lon="102.23409359648923">
        <ele>0.0</ele>
        <time>2026-05-03T15:38:12Z</time>
        <extensions>
          <gpxtpx:TrackPointExtension>
            <gpxtpx:hr>150</gpxtpx:hr>
          </gpxtpx:TrackPointExtension>
        </extensions>
      </trkpt>
      <trkpt lat="27.894662894252527" lon="102.23411661499352">
        <ele>0.0</ele>
        <time>2026-05-03T15:38:13Z</time>
        <extensions>
          <gpxtpx:TrackPointExtension>
            <gpxtpx:hr>149</gpxtpx:hr>
          </gpxtpx:TrackPointExtension>
        </extensions>
      </trkpt>
      <trkpt lat="27.894653908984917" lon="102.23414763992747">
        <ele>0.0</ele>
        <time>2026-05-03T15:38:14Z</time>
        <extensions>
          <gpxtpx:TrackPointExtension>
            <gpxtpx:hr>148</gpxtpx:hr>
          </gpxtpx:TrackPointExtension>
        </extensions>
      </trkpt>
      <trkpt lat="27.894643919294044" lon="102.23417065850462">
        <ele>0.0</ele>
        <time>2026-05-03T15:38:15Z</time>
        <extensions>
          <gpxtpx:TrackPointExtension>
            <gpxtpx:hr>146</gpxtpx:hr>
          </gpxtpx:TrackPointExtension>
        </extensions>
      </trkpt>
      <trkpt lat="27.894632929403688" lon="102.23419367709079">
        <ele>0.0</ele>
        <time>2026-05-03T15:38:16Z</time>
        <extensions>
          <gpxtpx:TrackPointExtension>
            <gpxtpx:hr>144</gpxtpx:hr>
          </gpxtpx:TrackPointExtension>
        </extensions>
      </trkpt>
      <trkpt lat="27.894613949582055" lon="102.23423871331177">
        <ele>0.0</ele>
        <time>2026-05-03T15:38:18Z</time>
        <extensions>
          <gpxtpx:TrackPointExtension>
            <gpxtpx:hr>141</gpxtpx:hr>
          </gpxtpx:TrackPointExtension>
        </extensions>
      </trkpt>
      <trkpt lat="27.894601959454477" lon="102.23426173186337">
        <ele>0.0</ele>
        <time>2026-05-03T15:38:19Z</time>
        <extensions>
          <gpxtpx:TrackPointExtension>
            <gpxtpx:hr>140</gpxtpx:hr>
          </gpxtpx:TrackPointExtension>
        </extensions>
      </trkpt>
      <trkpt lat="27.89459096948781" lon="102.23428475036144">
        <ele>0.0</ele>
        <time>2026-05-03T15:38:20Z</time>
        <extensions>
          <gpxtpx:TrackPointExtension>
            <gpxtpx:hr>140</gpxtpx:hr>
          </gpxtpx:TrackPointExtension>
        </extensions>
      </trkpt>
      <trkpt lat="27.894578979321647" lon="102.23430776886849">
        <ele>0.0</ele>
        <time>2026-05-03T15:38:21Z</time>
        <extensions>
          <gpxtpx:TrackPointExtension>
            <gpxtpx:hr>140</gpxtpx:hr>
          </gpxtpx:TrackPointExtension>
        </extensions>
      </trkpt>
      <trkpt lat="27.89456798515271" lon="102.23432278102558">
        <ele>0.0</ele>
        <time>2026-05-03T15:38:22Z</time>
        <extensions>
          <gpxtpx:TrackPointExtension>
            <gpxtpx:hr>140</gpxtpx:hr>
          </gpxtpx:TrackPointExtension>
        </extensions>
      </trkpt>
      <trkpt lat="27.894551005998665" lon="102.23436881772489">
        <ele>0.0</ele>
        <time>2026-05-03T15:38:24Z</time>
        <extensions>
          <gpxtpx:TrackPointExtension>
            <gpxtpx:hr>141</gpxtpx:hr>
          </gpxtpx:TrackPointExtension>
        </extensions>
      </trkpt>
      <trkpt lat="27.894526025325877" lon="102.23441485458524">
        <ele>0.0</ele>
        <time>2026-05-03T15:38:26Z</time>
        <extensions>
          <gpxtpx:TrackPointExtension>
            <gpxtpx:hr>141</gpxtpx:hr>
          </gpxtpx:TrackPointExtension>
        </extensions>
      </trkpt>
      <trkpt lat="27.894509030017264" lon="102.23442986686233">
        <ele>0.0</ele>
        <time>2026-05-03T15:38:27Z</time>
        <extensions>
          <gpxtpx:TrackPointExtension>
            <gpxtpx:hr>143</gpxtpx:hr>
          </gpxtpx:TrackPointExtension>
        </extensions>
      </trkpt>
      <trkpt lat="27.89449104225842" lon="102.2344598908877">
        <ele>0.0</ele>
        <time>2026-05-03T15:38:28Z</time>
        <extensions>
          <gpxtpx:TrackPointExtension>
            <gpxtpx:hr>144</gpxtpx:hr>
          </gpxtpx:TrackPointExtension>
        </extensions>
      </trkpt>
      <trkpt lat="27.894474051044465" lon="102.23448290938154">
        <ele>0.0</ele>
        <time>2026-05-03T15:38:29Z</time>
        <extensions>
          <gpxtpx:TrackPointExtension>
            <gpxtpx:hr>144</gpxtpx:hr>
          </gpxtpx:TrackPointExtension>
        </extensions>
      </trkpt>
      <trkpt lat="27.894455059450838" lon="102.23450592791562">
        <ele>0.0</ele>
        <time>2026-05-03T15:38:30Z</time>
        <extensions>
          <gpxtpx:TrackPointExtension>
            <gpxtpx:hr>145</gpxtpx:hr>
          </gpxtpx:TrackPointExtension>
        </extensions>
      </trkpt>
      <trkpt lat="27.894438072301757" lon="102.23453695259184">
        <ele>0.0</ele>
        <time>2026-05-03T15:38:31Z</time>
        <extensions>
          <gpxtpx:TrackPointExtension>
            <gpxtpx:hr>146</gpxtpx:hr>
          </gpxtpx:TrackPointExtension>
        </extensions>
      </trkpt>
      <trkpt lat="27.894421080511194" lon="102.23455897023375">
        <ele>0.0</ele>
        <time>2026-05-03T15:38:32Z</time>
        <extensions>
          <gpxtpx:TrackPointExtension>
            <gpxtpx:hr>146</gpxtpx:hr>
          </gpxtpx:TrackPointExtension>
        </extensions>
      </trkpt>
      <trkpt lat="27.89440409330211" lon="102.23458999484066">
        <ele>0.0</ele>
        <time>2026-05-03T15:38:33Z</time>
        <extensions>
          <gpxtpx:TrackPointExtension>
            <gpxtpx:hr>147</gpxtpx:hr>
          </gpxtpx:TrackPointExtension>
        </extensions>
      </trkpt>
      <trkpt lat="27.894383104827472" lon="102.23462001875747">
        <ele>0.0</ele>
        <time>2026-05-03T15:38:34Z</time>
        <extensions>
          <gpxtpx:TrackPointExtension>
            <gpxtpx:hr>147</gpxtpx:hr>
          </gpxtpx:TrackPointExtension>
        </extensions>
      </trkpt>
      <trkpt lat="27.894365121436934" lon="102.23465904950172">
        <ele>0.0</ele>
        <time>2026-05-03T15:38:35Z</time>
        <extensions>
          <gpxtpx:TrackPointExtension>
            <gpxtpx:hr>147</gpxtpx:hr>
          </gpxtpx:TrackPointExtension>
        </extensions>
      </trkpt>
      <trkpt lat="27.894350133967713" lon="102.23468907314354">
        <ele>0.0</ele>
        <time>2026-05-03T15:38:36Z</time>
        <extensions>
          <gpxtpx:TrackPointExtension>
            <gpxtpx:hr>148</gpxtpx:hr>
          </gpxtpx:TrackPointExtension>
        </extensions>
      </trkpt>
      <trkpt lat="27.89433714733206" lon="102.23472009745534">
        <ele>0.0</ele>
        <time>2026-05-03T15:38:37Z</time>
        <extensions>
          <gpxtpx:TrackPointExtension>
            <gpxtpx:hr>147</gpxtpx:hr>
          </gpxtpx:TrackPointExtension>
        </extensions>
      </trkpt>
      <trkpt lat="27.894323159976107" lon="102.23475012098866">
        <ele>0.0</ele>
        <time>2026-05-03T15:38:38Z</time>
        <extensions>
          <gpxtpx:TrackPointExtension>
            <gpxtpx:hr>148</gpxtpx:hr>
          </gpxtpx:TrackPointExtension>
        </extensions>
      </trkpt>
      <trkpt lat="27.89430617255061" lon="102.23478114534572">
        <ele>0.0</ele>
        <time>2026-05-03T15:38:39Z</time>
        <extensions>
          <gpxtpx:TrackPointExtension>
            <gpxtpx:hr>149</gpxtpx:hr>
          </gpxtpx:TrackPointExtension>
        </extensions>
      </trkpt>
      <trkpt lat="27.89428918458722" lon="102.23481116889559">
        <ele>0.0</ele>
        <time>2026-05-03T15:38:40Z</time>
        <extensions>
          <gpxtpx:TrackPointExtension>
            <gpxtpx:hr>150</gpxtpx:hr>
          </gpxtpx:TrackPointExtension>
        </extensions>
      </trkpt>
      <trkpt lat="27.894270196732226" lon="102.23484219323534">
        <ele>0.0</ele>
        <time>2026-05-03T15:38:41Z</time>
        <extensions>
          <gpxtpx:TrackPointExtension>
            <gpxtpx:hr>150</gpxtpx:hr>
          </gpxtpx:TrackPointExtension>
        </extensions>
      </trkpt>
      <trkpt lat="27.894251212344667" lon="102.23488022288163">
        <ele>0.0</ele>
        <time>2026-05-03T15:38:42Z</time>
        <extensions>
          <gpxtpx:TrackPointExtension>
            <gpxtpx:hr>150</gpxtpx:hr>
          </gpxtpx:TrackPointExtension>
        </extensions>
      </trkpt>
      <trkpt lat="27.89423722481312" lon="102.23491024621222">
        <ele>0.0</ele>
        <time>2026-05-03T15:38:43Z</time>
        <extensions>
          <gpxtpx:TrackPointExtension>
            <gpxtpx:hr>151</gpxtpx:hr>
          </gpxtpx:TrackPointExtension>
        </extensions>
      </trkpt>
      <trkpt lat="27.894230242492974" lon="102.23494827537411">
        <ele>0.0</ele>
        <time>2026-05-03T15:38:44Z</time>
        <extensions>
          <gpxtpx:TrackPointExtension>
            <gpxtpx:hr>151</gpxtpx:hr>
          </gpxtpx:TrackPointExtension>
        </extensions>
      </trkpt>
      <trkpt lat="27.894220252129927" lon="102.23497129317528">
        <ele>0.0</ele>
        <time>2026-05-03T15:38:45Z</time>
        <extensions>
          <gpxtpx:TrackPointExtension>
            <gpxtpx:hr>151</gpxtpx:hr>
          </gpxtpx:TrackPointExtension>
        </extensions>
      </trkpt>
      <trkpt lat="27.894205264814047" lon="102.23500231718037">
        <ele>0.0</ele>
        <time>2026-05-03T15:38:46Z</time>
        <extensions>
          <gpxtpx:TrackPointExtension>
            <gpxtpx:hr>151</gpxtpx:hr>
          </gpxtpx:TrackPointExtension>
        </extensions>
      </trkpt>
      <trkpt lat="27.894188276608" lon="102.23503234045009">
        <ele>0.0</ele>
        <time>2026-05-03T15:38:47Z</time>
        <extensions>
          <gpxtpx:TrackPointExtension>
            <gpxtpx:hr>151</gpxtpx:hr>
          </gpxtpx:TrackPointExtension>
        </extensions>
      </trkpt>
      <trkpt lat="27.89416928455275" lon="102.235055358451">
        <ele>0.0</ele>
        <time>2026-05-03T15:38:48Z</time>
        <extensions>
          <gpxtpx:TrackPointExtension>
            <gpxtpx:hr>152</gpxtpx:hr>
          </gpxtpx:TrackPointExtension>
        </extensions>
      </trkpt>
      <trkpt lat="27.894150295928156" lon="102.23508538171602">
        <ele>0.0</ele>
        <time>2026-05-03T15:38:49Z</time>
        <extensions>
          <gpxtpx:TrackPointExtension>
            <gpxtpx:hr>152</gpxtpx:hr>
          </gpxtpx:TrackPointExtension>
        </extensions>
      </trkpt>
      <trkpt lat="27.894138309023326" lon="102.23511640547787">
        <ele>0.0</ele>
        <time>2026-05-03T15:38:50Z</time>
        <extensions>
          <gpxtpx:TrackPointExtension>
            <gpxtpx:hr>151</gpxtpx:hr>
          </gpxtpx:TrackPointExtension>
        </extensions>
      </trkpt>
      <trkpt lat="27.894127321772952" lon="102.23514642841533">
        <ele>0.0</ele>
        <time>2026-05-03T15:38:51Z</time>
        <extensions>
          <gpxtpx:TrackPointExtension>
            <gpxtpx:hr>151</gpxtpx:hr>
          </gpxtpx:TrackPointExtension>
        </extensions>
      </trkpt>
      <trkpt lat="27.8941153387125" lon="102.2351854581052">
        <ele>0.0</ele>
        <time>2026-05-03T15:38:52Z</time>
        <extensions>
          <gpxtpx:TrackPointExtension>
            <gpxtpx:hr>152</gpxtpx:hr>
          </gpxtpx:TrackPointExtension>
        </extensions>
      </trkpt>
      <trkpt lat="27.89410435138624" lon="102.23521548095509">
        <ele>0.0</ele>
        <time>2026-05-03T15:38:53Z</time>
        <extensions>
          <gpxtpx:TrackPointExtension>
            <gpxtpx:hr>150</gpxtpx:hr>
          </gpxtpx:TrackPointExtension>
        </extensions>
      </trkpt>
      <trkpt lat="27.894090367380247" lon="102.23525350984569">
        <ele>0.0</ele>
        <time>2026-05-03T15:38:54Z</time>
        <extensions>
          <gpxtpx:TrackPointExtension>
            <gpxtpx:hr>150</gpxtpx:hr>
          </gpxtpx:TrackPointExtension>
        </extensions>
      </trkpt>
      <trkpt lat="27.894079376579974" lon="102.23527652738139">
        <ele>0.0</ele>
        <time>2026-05-03T15:38:55Z</time>
        <extensions>
          <gpxtpx:TrackPointExtension>
            <gpxtpx:hr>149</gpxtpx:hr>
          </gpxtpx:TrackPointExtension>
        </extensions>
      </trkpt>
      <trkpt lat="27.89407139017865" lon="102.23530755076762">
        <ele>0.0</ele>
        <time>2026-05-03T15:38:56Z</time>
        <extensions>
          <gpxtpx:TrackPointExtension>
            <gpxtpx:hr>149</gpxtpx:hr>
          </gpxtpx:TrackPointExtension>
        </extensions>
      </trkpt>
      <trkpt lat="27.894066403799048" lon="102.23533757327496">
        <ele>0.0</ele>
        <time>2026-05-03T15:38:57Z</time>
        <extensions>
          <gpxtpx:TrackPointExtension>
            <gpxtpx:hr>150</gpxtpx:hr>
          </gpxtpx:TrackPointExtension>
        </extensions>
      </trkpt>
      <trkpt lat="27.89405841346835" lon="102.23536059063507">
        <ele>0.0</ele>
        <time>2026-05-03T15:38:58Z</time>
        <extensions>
          <gpxtpx:TrackPointExtension>
            <gpxtpx:hr>150</gpxtpx:hr>
          </gpxtpx:TrackPointExtension>
        </extensions>
      </trkpt>
      <trkpt lat="27.894045425589177" lon="102.2353906133252">
        <ele>0.0</ele>
        <time>2026-05-03T15:38:59Z</time>
        <extensions>
          <gpxtpx:TrackPointExtension>
            <gpxtpx:hr>151</gpxtpx:hr>
          </gpxtpx:TrackPointExtension>
        </extensions>
      </trkpt>
      <trkpt lat="27.894033434493135" lon="102.23541363075874">
        <ele>0.0</ele>
        <time>2026-05-03T15:39:00Z</time>
        <extensions>
          <gpxtpx:TrackPointExtension>
            <gpxtpx:hr>151</gpxtpx:hr>
          </gpxtpx:TrackPointExtension>
        </extensions>
      </trkpt>
      <trkpt lat="27.894022447395482" lon="102.23544465405887">
        <ele>0.0</ele>
        <time>2026-05-03T15:39:01Z</time>
        <extensions>
          <gpxtpx:TrackPointExtension>
            <gpxtpx:hr>151</gpxtpx:hr>
          </gpxtpx:TrackPointExtension>
        </extensions>
      </trkpt>
      <trkpt lat="27.894006455533265" lon="102.23546767156483">
        <ele>0.0</ele>
        <time>2026-05-03T15:39:02Z</time>
        <extensions>
          <gpxtpx:TrackPointExtension>
            <gpxtpx:hr>152</gpxtpx:hr>
          </gpxtpx:TrackPointExtension>
        </extensions>
      </trkpt>
      <trkpt lat="27.8939894629936" lon="102.2354896883417">
        <ele>0.0</ele>
        <time>2026-05-03T15:39:03Z</time>
        <extensions>
          <gpxtpx:TrackPointExtension>
            <gpxtpx:hr>151</gpxtpx:hr>
          </gpxtpx:TrackPointExtension>
        </extensions>
      </trkpt>
      <trkpt lat="27.89397247091326" lon="102.23551270583506">
        <ele>0.0</ele>
        <time>2026-05-03T15:39:04Z</time>
        <extensions>
          <gpxtpx:TrackPointExtension>
            <gpxtpx:hr>150</gpxtpx:hr>
          </gpxtpx:TrackPointExtension>
        </extensions>
      </trkpt>
      <trkpt lat="27.893961483702924" lon="102.23554372900513">
        <ele>0.0</ele>
        <time>2026-05-03T15:39:05Z</time>
        <extensions>
          <gpxtpx:TrackPointExtension>
            <gpxtpx:hr>148</gpxtpx:hr>
          </gpxtpx:TrackPointExtension>
        </extensions>
      </trkpt>
      <trkpt lat="27.89394949580234" lon="102.23557375143135">
        <ele>0.0</ele>
        <time>2026-05-03T15:39:06Z</time>
        <extensions>
          <gpxtpx:TrackPointExtension>
            <gpxtpx:hr>144</gpxtpx:hr>
          </gpxtpx:TrackPointExtension>
        </extensions>
      </trkpt>
      <trkpt lat="27.893943505632627" lon="102.23559676849888">
        <ele>0.0</ele>
        <time>2026-05-03T15:39:07Z</time>
        <extensions>
          <gpxtpx:TrackPointExtension>
            <gpxtpx:hr>143</gpxtpx:hr>
          </gpxtpx:TrackPointExtension>
        </extensions>
      </trkpt>
      <trkpt lat="27.893938515623617" lon="102.23561978551271">
        <ele>0.0</ele>
        <time>2026-05-03T15:39:08Z</time>
        <extensions>
          <gpxtpx:TrackPointExtension>
            <gpxtpx:hr>142</gpxtpx:hr>
          </gpxtpx:TrackPointExtension>
        </extensions>
      </trkpt>
      <trkpt lat="27.893928524694445" lon="102.23564280266044">
        <ele>0.0</ele>
        <time>2026-05-03T15:39:09Z</time>
        <extensions>
          <gpxtpx:TrackPointExtension>
            <gpxtpx:hr>141</gpxtpx:hr>
          </gpxtpx:TrackPointExtension>
        </extensions>
      </trkpt>
      <trkpt lat="27.893901523607745" lon="102.23565080935501">
        <ele>0.0</ele>
        <time>2026-05-03T15:39:11Z</time>
        <extensions>
          <gpxtpx:TrackPointExtension>
            <gpxtpx:hr>140</gpxtpx:hr>
          </gpxtpx:TrackPointExtension>
        </extensions>
      </trkpt>
      <trkpt lat="27.893882516408013" lon="102.23564280409859">
        <ele>0.0</ele>
        <time>2026-05-03T15:39:12Z</time>
        <extensions>
          <gpxtpx:TrackPointExtension>
            <gpxtpx:hr>140</gpxtpx:hr>
          </gpxtpx:TrackPointExtension>
        </extensions>
      </trkpt>
      <trkpt lat="27.893859508485406" lon="102.23563479896454">
        <ele>0.0</ele>
        <time>2026-05-03T15:39:13Z</time>
        <extensions>
          <gpxtpx:TrackPointExtension>
            <gpxtpx:hr>140</gpxtpx:hr>
          </gpxtpx:TrackPointExtension>
        </extensions>
      </trkpt>
      <trkpt lat="27.8938144970704" lon="102.23562779524772">
        <ele>0.0</ele>
        <time>2026-05-03T15:39:15Z</time>
        <extensions>
          <gpxtpx:TrackPointExtension>
            <gpxtpx:hr>141</gpxtpx:hr>
          </gpxtpx:TrackPointExtension>
        </extensions>
      </trkpt>
      <trkpt lat="27.89379148914351" lon="102.23561979010857">
        <ele>0.0</ele>
        <time>2026-05-03T15:39:16Z</time>
        <extensions>
          <gpxtpx:TrackPointExtension>
            <gpxtpx:hr>141</gpxtpx:hr>
          </gpxtpx:TrackPointExtension>
        </extensions>
      </trkpt>
      <trkpt lat="27.893766480854044" lon="102.23561178502925">
        <ele>0.0</ele>
        <time>2026-05-03T15:39:17Z</time>
        <extensions>
          <gpxtpx:TrackPointExtension>
            <gpxtpx:hr>140</gpxtpx:hr>
          </gpxtpx:TrackPointExtension>
        </extensions>
      </trkpt>
      <trkpt lat="27.893743473396228" lon="102.23560478061778">
        <ele>0.0</ele>
        <time>2026-05-03T15:39:18Z</time>
        <extensions>
          <gpxtpx:TrackPointExtension>
            <gpxtpx:hr>140</gpxtpx:hr>
          </gpxtpx:TrackPointExtension>
        </extensions>
      </trkpt>
      <trkpt lat="27.893716464742194" lon="102.2355967755959">
        <ele>0.0</ele>
        <time>2026-05-03T15:39:19Z</time>
        <extensions>
          <gpxtpx:TrackPointExtension>
            <gpxtpx:hr>141</gpxtpx:hr>
          </gpxtpx:TrackPointExtension>
        </extensions>
      </trkpt>
      <trkpt lat="27.893690460058963" lon="102.23559677640877">
        <ele>0.0</ele>
        <time>2026-05-03T15:39:20Z</time>
        <extensions>
          <gpxtpx:TrackPointExtension>
            <gpxtpx:hr>141</gpxtpx:hr>
          </gpxtpx:TrackPointExtension>
        </extensions>
      </trkpt>
      <trkpt lat="27.893667452597423" lon="102.23558977199285">
        <ele>0.0</ele>
        <time>2026-05-03T15:39:21Z</time>
        <extensions>
          <gpxtpx:TrackPointExtension>
            <gpxtpx:hr>142</gpxtpx:hr>
          </gpxtpx:TrackPointExtension>
        </extensions>
      </trkpt>
      <trkpt lat="27.893642444299374" lon="102.23558176690335">
        <ele>0.0</ele>
        <time>2026-05-03T15:39:22Z</time>
        <extensions>
          <gpxtpx:TrackPointExtension>
            <gpxtpx:hr>142</gpxtpx:hr>
          </gpxtpx:TrackPointExtension>
        </extensions>
      </trkpt>
      <trkpt lat="27.893623437079732" lon="102.23557376162356">
        <ele>0.0</ele>
        <time>2026-05-03T15:39:23Z</time>
        <extensions>
          <gpxtpx:TrackPointExtension>
            <gpxtpx:hr>143</gpxtpx:hr>
          </gpxtpx:TrackPointExtension>
        </extensions>
      </trkpt>
      <trkpt lat="27.893606430693094" lon="102.23556675701325">
        <ele>0.0</ele>
        <time>2026-05-03T15:39:24Z</time>
        <extensions>
          <gpxtpx:TrackPointExtension>
            <gpxtpx:hr>144</gpxtpx:hr>
          </gpxtpx:TrackPointExtension>
        </extensions>
      </trkpt>
      <trkpt lat="27.89358542310886" lon="102.23555875179089">
        <ele>0.0</ele>
        <time>2026-05-03T15:39:25Z</time>
        <extensions>
          <gpxtpx:TrackPointExtension>
            <gpxtpx:hr>145</gpxtpx:hr>
          </gpxtpx:TrackPointExtension>
        </extensions>
      </trkpt>
      <trkpt lat="27.89356241516208" lon="102.23555074662836">
        <ele>0.0</ele>
        <time>2026-05-03T15:39:26Z</time>
        <extensions>
          <gpxtpx:TrackPointExtension>
            <gpxtpx:hr>147</gpxtpx:hr>
          </gpxtpx:TrackPointExtension>
        </extensions>
      </trkpt>
      <trkpt lat="27.893537407328715" lon="102.23554374226133">
        <ele>0.0</ele>
        <time>2026-05-03T15:39:27Z</time>
        <extensions>
          <gpxtpx:TrackPointExtension>
            <gpxtpx:hr>148</gpxtpx:hr>
          </gpxtpx:TrackPointExtension>
        </extensions>
      </trkpt>
      <trkpt lat="27.893512399017396" lon="102.23553573715624">
        <ele>0.0</ele>
        <time>2026-05-03T15:39:28Z</time>
        <extensions>
          <gpxtpx:TrackPointExtension>
            <gpxtpx:hr>148</gpxtpx:hr>
          </gpxtpx:TrackPointExtension>
        </extensions>
      </trkpt>
      <trkpt lat="27.89348639100016" lon="102.23552873281602">
        <ele>0.0</ele>
        <time>2026-05-03T15:39:29Z</time>
        <extensions>
          <gpxtpx:TrackPointExtension>
            <gpxtpx:hr>149</gpxtpx:hr>
          </gpxtpx:TrackPointExtension>
        </extensions>
      </trkpt>
      <trkpt lat="27.893459378508997" lon="102.23551272187389">
        <ele>0.0</ele>
        <time>2026-05-03T15:39:30Z</time>
        <extensions>
          <gpxtpx:TrackPointExtension>
            <gpxtpx:hr>149</gpxtpx:hr>
          </gpxtpx:TrackPointExtension>
        </extensions>
      </trkpt>
      <trkpt lat="27.893434370666057" lon="102.2355057174956">
        <ele>0.0</ele>
        <time>2026-05-03T15:39:31Z</time>
        <extensions>
          <gpxtpx:TrackPointExtension>
            <gpxtpx:hr>149</gpxtpx:hr>
          </gpxtpx:TrackPointExtension>
        </extensions>
      </trkpt>
      <trkpt lat="27.89341036252387" lon="102.23549771234636">
        <ele>0.0</ele>
        <time>2026-05-03T15:39:32Z</time>
        <extensions>
          <gpxtpx:TrackPointExtension>
            <gpxtpx:hr>148</gpxtpx:hr>
          </gpxtpx:TrackPointExtension>
        </extensions>
      </trkpt>
      <trkpt lat="27.89338735455948" lon="102.23548970716315">
        <ele>0.0</ele>
        <time>2026-05-03T15:39:33Z</time>
        <extensions>
          <gpxtpx:TrackPointExtension>
            <gpxtpx:hr>148</gpxtpx:hr>
          </gpxtpx:TrackPointExtension>
        </extensions>
      </trkpt>
      <trkpt lat="27.89336234288427" lon="102.23547469687065">
        <ele>0.0</ele>
        <time>2026-05-03T15:39:34Z</time>
        <extensions>
          <gpxtpx:TrackPointExtension>
            <gpxtpx:hr>148</gpxtpx:hr>
          </gpxtpx:TrackPointExtension>
        </extensions>
      </trkpt>
      <trkpt lat="27.89333533467156" lon="102.23546769254364">
        <ele>0.0</ele>
        <time>2026-05-03T15:39:35Z</time>
        <extensions>
          <gpxtpx:TrackPointExtension>
            <gpxtpx:hr>147</gpxtpx:hr>
          </gpxtpx:TrackPointExtension>
        </extensions>
      </trkpt>
      <trkpt lat="27.89330832980901" lon="102.23546769338778">
        <ele>0.0</ele>
        <time>2026-05-03T15:39:36Z</time>
        <extensions>
          <gpxtpx:TrackPointExtension>
            <gpxtpx:hr>147</gpxtpx:hr>
          </gpxtpx:TrackPointExtension>
        </extensions>
      </trkpt>
      <trkpt lat="27.89328232129571" lon="102.2354596882882">
        <ele>0.0</ele>
        <time>2026-05-03T15:39:37Z</time>
        <extensions>
          <gpxtpx:TrackPointExtension>
            <gpxtpx:hr>147</gpxtpx:hr>
          </gpxtpx:TrackPointExtension>
        </extensions>
      </trkpt>
      <trkpt lat="27.893255312600026" lon="102.23545168321718">
        <ele>0.0</ele>
        <time>2026-05-03T15:39:38Z</time>
        <extensions>
          <gpxtpx:TrackPointExtension>
            <gpxtpx:hr>146</gpxtpx:hr>
          </gpxtpx:TrackPointExtension>
        </extensions>
      </trkpt>
      <trkpt lat="27.8932303047418" lon="102.2354446788208">
        <ele>0.0</ele>
        <time>2026-05-03T15:39:39Z</time>
        <extensions>
          <gpxtpx:TrackPointExtension>
            <gpxtpx:hr>146</gpxtpx:hr>
          </gpxtpx:TrackPointExtension>
        </extensions>
      </trkpt>
      <trkpt lat="27.893205292561984" lon="102.23542866775921">
        <ele>0.0</ele>
        <time>2026-05-03T15:39:40Z</time>
        <extensions>
          <gpxtpx:TrackPointExtension>
            <gpxtpx:hr>145</gpxtpx:hr>
          </gpxtpx:TrackPointExtension>
        </extensions>
      </trkpt>
      <trkpt lat="27.893181281033613" lon="102.2354136573967">
        <ele>0.0</ele>
        <time>2026-05-03T15:39:41Z</time>
        <extensions>
          <gpxtpx:TrackPointExtension>
            <gpxtpx:hr>145</gpxtpx:hr>
          </gpxtpx:TrackPointExtension>
        </extensions>
      </trkpt>
      <trkpt lat="27.8931542728056" lon="102.23540665305158">
        <ele>0.0</ele>
        <time>2026-05-03T15:39:42Z</time>
        <extensions>
          <gpxtpx:TrackPointExtension>
            <gpxtpx:hr>146</gpxtpx:hr>
          </gpxtpx:TrackPointExtension>
        </extensions>
      </trkpt>
      <trkpt lat="27.893127260243443" lon="102.23539064202677">
        <ele>0.0</ele>
        <time>2026-05-03T15:39:43Z</time>
        <extensions>
          <gpxtpx:TrackPointExtension>
            <gpxtpx:hr>146</gpxtpx:hr>
          </gpxtpx:TrackPointExtension>
        </extensions>
      </trkpt>
      <trkpt lat="27.89310424887437" lon="102.23537563160889">
        <ele>0.0</ele>
        <time>2026-05-03T15:39:44Z</time>
        <extensions>
          <gpxtpx:TrackPointExtension>
            <gpxtpx:hr>146</gpxtpx:hr>
          </gpxtpx:TrackPointExtension>
        </extensions>
      </trkpt>
      <trkpt lat="27.893083241234837" lon="102.23536762632182">
        <ele>0.0</ele>
        <time>2026-05-03T15:39:45Z</time>
        <extensions>
          <gpxtpx:TrackPointExtension>
            <gpxtpx:hr>145</gpxtpx:hr>
          </gpxtpx:TrackPointExtension>
        </extensions>
      </trkpt>
      <trkpt lat="27.893061230033247" lon="102.23535261585805">
        <ele>0.0</ele>
        <time>2026-05-03T15:39:46Z</time>
        <extensions>
          <gpxtpx:TrackPointExtension>
            <gpxtpx:hr>145</gpxtpx:hr>
          </gpxtpx:TrackPointExtension>
        </extensions>
      </trkpt>
      <trkpt lat="27.893034221789815" lon="102.23534561149485">
        <ele>0.0</ele>
        <time>2026-05-03T15:39:47Z</time>
        <extensions>
          <gpxtpx:TrackPointExtension>
            <gpxtpx:hr>145</gpxtpx:hr>
          </gpxtpx:TrackPointExtension>
        </extensions>
      </trkpt>
      <trkpt lat="27.893005208831948" lon="102.23532960049127">
        <ele>0.0</ele>
        <time>2026-05-03T15:39:48Z</time>
        <extensions>
          <gpxtpx:TrackPointExtension>
            <gpxtpx:hr>145</gpxtpx:hr>
          </gpxtpx:TrackPointExtension>
        </extensions>
      </trkpt>
      <trkpt lat="27.89297719652917" lon="102.23531459019095">
        <ele>0.0</ele>
        <time>2026-05-03T15:39:49Z</time>
        <extensions>
          <gpxtpx:TrackPointExtension>
            <gpxtpx:hr>146</gpxtpx:hr>
          </gpxtpx:TrackPointExtension>
        </extensions>
      </trkpt>
      <trkpt lat="27.89294418331787" lon="102.23529958003743">
        <ele>0.0</ele>
        <time>2026-05-03T15:39:50Z</time>
        <extensions>
          <gpxtpx:TrackPointExtension>
            <gpxtpx:hr>146</gpxtpx:hr>
          </gpxtpx:TrackPointExtension>
        </extensions>
      </trkpt>
      <trkpt lat="27.892914174035727" lon="102.23529157500603">
        <ele>0.0</ele>
        <time>2026-05-03T15:39:51Z</time>
        <extensions>
          <gpxtpx:TrackPointExtension>
            <gpxtpx:hr>146</gpxtpx:hr>
          </gpxtpx:TrackPointExtension>
        </extensions>
      </trkpt>
      <trkpt lat="27.892887161892293" lon="102.23527656465033">
        <ele>0.0</ele>
        <time>2026-05-03T15:39:52Z</time>
        <extensions>
          <gpxtpx:TrackPointExtension>
            <gpxtpx:hr>148</gpxtpx:hr>
          </gpxtpx:TrackPointExtension>
        </extensions>
      </trkpt>
      <trkpt lat="27.892862150100772" lon="102.2352615542226">
        <ele>0.0</ele>
        <time>2026-05-03T15:39:53Z</time>
        <extensions>
          <gpxtpx:TrackPointExtension>
            <gpxtpx:hr>148</gpxtpx:hr>
          </gpxtpx:TrackPointExtension>
        </extensions>
      </trkpt>
      <trkpt lat="27.892834141167786" lon="102.2352535491158">
        <ele>0.0</ele>
        <time>2026-05-03T15:39:54Z</time>
        <extensions>
          <gpxtpx:TrackPointExtension>
            <gpxtpx:hr>148</gpxtpx:hr>
          </gpxtpx:TrackPointExtension>
        </extensions>
      </trkpt>
      <trkpt lat="27.892807132412564" lon="102.23524554397503">
        <ele>0.0</ele>
        <time>2026-05-03T15:39:55Z</time>
        <extensions>
          <gpxtpx:TrackPointExtension>
            <gpxtpx:hr>147</gpxtpx:hr>
          </gpxtpx:TrackPointExtension>
        </extensions>
      </trkpt>
      <trkpt lat="27.892780120244044" lon="102.23523053359013">
        <ele>0.0</ele>
        <time>2026-05-03T15:39:56Z</time>
        <extensions>
          <gpxtpx:TrackPointExtension>
            <gpxtpx:hr>147</gpxtpx:hr>
          </gpxtpx:TrackPointExtension>
        </extensions>
      </trkpt>
      <trkpt lat="27.89275710878752" lon="102.23521552307066">
        <ele>0.0</ele>
        <time>2026-05-03T15:39:57Z</time>
        <extensions>
          <gpxtpx:TrackPointExtension>
            <gpxtpx:hr>147</gpxtpx:hr>
          </gpxtpx:TrackPointExtension>
        </extensions>
      </trkpt>
      <trkpt lat="27.892733100561454" lon="102.23520751782324">
        <ele>0.0</ele>
        <time>2026-05-03T15:39:58Z</time>
        <extensions>
          <gpxtpx:TrackPointExtension>
            <gpxtpx:hr>147</gpxtpx:hr>
          </gpxtpx:TrackPointExtension>
        </extensions>
      </trkpt>
      <trkpt lat="27.89268108387108" lon="102.23519250819588">
        <ele>0.0</ele>
        <time>2026-05-03T15:40:01Z</time>
        <extensions>
          <gpxtpx:TrackPointExtension>
            <gpxtpx:hr>146</gpxtpx:hr>
          </gpxtpx:TrackPointExtension>
        </extensions>
      </trkpt>
      <trkpt lat="27.892664080810356" lon="102.2351925087274">
        <ele>0.0</ele>
        <time>2026-05-03T15:40:02Z</time>
        <extensions>
          <gpxtpx:TrackPointExtension>
            <gpxtpx:hr>147</gpxtpx:hr>
          </gpxtpx:TrackPointExtension>
        </extensions>
      </trkpt>
      <trkpt lat="27.892647081658964" lon="102.23520051526178">
        <ele>0.0</ele>
        <time>2026-05-03T15:40:03Z</time>
        <extensions>
          <gpxtpx:TrackPointExtension>
            <gpxtpx:hr>147</gpxtpx:hr>
          </gpxtpx:TrackPointExtension>
        </extensions>
      </trkpt>
      <trkpt lat="27.89263007859829" lon="102.2352005157933">
        <ele>0.0</ele>
        <time>2026-05-03T15:40:04Z</time>
        <extensions>
          <gpxtpx:TrackPointExtension>
            <gpxtpx:hr>147</gpxtpx:hr>
          </gpxtpx:TrackPointExtension>
        </extensions>
      </trkpt>
      <trkpt lat="27.892593064115946" lon="102.23518450494167">
        <ele>0.0</ele>
        <time>2026-05-03T15:40:06Z</time>
        <extensions>
          <gpxtpx:TrackPointExtension>
            <gpxtpx:hr>148</gpxtpx:hr>
          </gpxtpx:TrackPointExtension>
        </extensions>
      </trkpt>
      <trkpt lat="27.892567052094357" lon="102.23516949448681">
        <ele>0.0</ele>
        <time>2026-05-03T15:40:07Z</time>
        <extensions>
          <gpxtpx:TrackPointExtension>
            <gpxtpx:hr>148</gpxtpx:hr>
          </gpxtpx:TrackPointExtension>
        </extensions>
      </trkpt>
      <trkpt lat="27.892531042184718" lon="102.23516249035083">
        <ele>0.0</ele>
        <time>2026-05-03T15:40:08Z</time>
        <extensions>
          <gpxtpx:TrackPointExtension>
            <gpxtpx:hr>148</gpxtpx:hr>
          </gpxtpx:TrackPointExtension>
        </extensions>
      </trkpt>
      <trkpt lat="27.89249203124312" lon="102.23515448555447">
        <ele>0.0</ele>
        <time>2026-05-03T15:40:09Z</time>
        <extensions>
          <gpxtpx:TrackPointExtension>
            <gpxtpx:hr>149</gpxtpx:hr>
          </gpxtpx:TrackPointExtension>
        </extensions>
      </trkpt>
      <trkpt lat="27.89245601740499" lon="102.23513947539324">
        <ele>0.0</ele>
        <time>2026-05-03T15:40:10Z</time>
        <extensions>
          <gpxtpx:TrackPointExtension>
            <gpxtpx:hr>149</gpxtpx:hr>
          </gpxtpx:TrackPointExtension>
        </extensions>
      </trkpt>
      <trkpt lat="27.89242600463885" lon="102.23512446503491">
        <ele>0.0</ele>
        <time>2026-05-03T15:40:11Z</time>
        <extensions>
          <gpxtpx:TrackPointExtension>
            <gpxtpx:hr>148</gpxtpx:hr>
          </gpxtpx:TrackPointExtension>
        </extensions>
      </trkpt>
      <trkpt lat="27.892398991912724" lon="102.23510845381922">
        <ele>0.0</ele>
        <time>2026-05-03T15:40:12Z</time>
        <extensions>
          <gpxtpx:TrackPointExtension>
            <gpxtpx:hr>148</gpxtpx:hr>
          </gpxtpx:TrackPointExtension>
        </extensions>
      </trkpt>
      <trkpt lat="27.89237997716918" lon="102.23508543705825">
        <ele>0.0</ele>
        <time>2026-05-03T15:40:13Z</time>
        <extensions>
          <gpxtpx:TrackPointExtension>
            <gpxtpx:hr>149</gpxtpx:hr>
          </gpxtpx:TrackPointExtension>
        </extensions>
      </trkpt>
      <trkpt lat="27.892371956978696" lon="102.23504740858584">
        <ele>0.0</ele>
        <time>2026-05-03T15:40:14Z</time>
        <extensions>
          <gpxtpx:TrackPointExtension>
            <gpxtpx:hr>149</gpxtpx:hr>
          </gpxtpx:TrackPointExtension>
        </extensions>
      </trkpt>
      <trkpt lat="27.89236894159836" lon="102.23501738596082">
        <ele>0.0</ele>
        <time>2026-05-03T15:40:15Z</time>
        <extensions>
          <gpxtpx:TrackPointExtension>
            <gpxtpx:hr>147</gpxtpx:hr>
          </gpxtpx:TrackPointExtension>
        </extensions>
      </trkpt>
      <trkpt lat="27.892358932365674" lon="102.23500237489982">
        <ele>0.0</ele>
        <time>2026-05-03T15:40:16Z</time>
        <extensions>
          <gpxtpx:TrackPointExtension>
            <gpxtpx:hr>147</gpxtpx:hr>
          </gpxtpx:TrackPointExtension>
        </extensions>
      </trkpt>
      <trkpt lat="27.89234593745797" lon="102.23501738667994">
        <ele>0.0</ele>
        <time>2026-05-03T15:40:17Z</time>
        <extensions>
          <gpxtpx:TrackPointExtension>
            <gpxtpx:hr>146</gpxtpx:hr>
          </gpxtpx:TrackPointExtension>
        </extensions>
      </trkpt>
      <trkpt lat="27.89233594703832" lon="102.23504040441377">
        <ele>0.0</ele>
        <time>2026-05-03T15:40:18Z</time>
        <extensions>
          <gpxtpx:TrackPointExtension>
            <gpxtpx:hr>146</gpxtpx:hr>
          </gpxtpx:TrackPointExtension>
        </extensions>
      </trkpt>
      <trkpt lat="27.892327956959313" lon="102.23506342206268">
        <ele>0.0</ele>
        <time>2026-05-03T15:40:19Z</time>
        <extensions>
          <gpxtpx:TrackPointExtension>
            <gpxtpx:hr>146</gpxtpx:hr>
          </gpxtpx:TrackPointExtension>
        </extensions>
      </trkpt>
      <trkpt lat="27.892291946529358" lon="102.23505541713904">
        <ele>0.0</ele>
        <time>2026-05-03T15:40:21Z</time>
        <extensions>
          <gpxtpx:TrackPointExtension>
            <gpxtpx:hr>147</gpxtpx:hr>
          </gpxtpx:TrackPointExtension>
        </extensions>
      </trkpt>
      <trkpt lat="27.892266934617478" lon="102.23504040657112">
        <ele>0.0</ele>
        <time>2026-05-03T15:40:22Z</time>
        <extensions>
          <gpxtpx:TrackPointExtension>
            <gpxtpx:hr>147</gpxtpx:hr>
          </gpxtpx:TrackPointExtension>
        </extensions>
      </trkpt>
      <trkpt lat="27.89224092202245" lon="102.23502439526735">
        <ele>0.0</ele>
        <time>2026-05-03T15:40:23Z</time>
        <extensions>
          <gpxtpx:TrackPointExtension>
            <gpxtpx:hr>147</gpxtpx:hr>
          </gpxtpx:TrackPointExtension>
        </extensions>
      </trkpt>
      <trkpt lat="27.892213909733616" lon="102.23500938474233">
        <ele>0.0</ele>
        <time>2026-05-03T15:40:24Z</time>
        <extensions>
          <gpxtpx:TrackPointExtension>
            <gpxtpx:hr>147</gpxtpx:hr>
          </gpxtpx:TrackPointExtension>
        </extensions>
      </trkpt>
      <trkpt lat="27.892188893826894" lon="102.23498636807271">
        <ele>0.0</ele>
        <time>2026-05-03T15:40:25Z</time>
        <extensions>
          <gpxtpx:TrackPointExtension>
            <gpxtpx:hr>147</gpxtpx:hr>
          </gpxtpx:TrackPointExtension>
        </extensions>
      </trkpt>
      <trkpt lat="27.89216987898084" lon="102.23496335119313">
        <ele>0.0</ele>
        <time>2026-05-03T15:40:26Z</time>
        <extensions>
          <gpxtpx:TrackPointExtension>
            <gpxtpx:hr>147</gpxtpx:hr>
          </gpxtpx:TrackPointExtension>
        </extensions>
      </trkpt>
      <trkpt lat="27.89215286497347" lon="102.23494133498984">
        <ele>0.0</ele>
        <time>2026-05-03T15:40:27Z</time>
        <extensions>
          <gpxtpx:TrackPointExtension>
            <gpxtpx:hr>147</gpxtpx:hr>
          </gpxtpx:TrackPointExtension>
        </extensions>
      </trkpt>
      <trkpt lat="27.89212984936957" lon="102.23491831819162">
        <ele>0.0</ele>
        <time>2026-05-03T15:40:28Z</time>
        <extensions>
          <gpxtpx:TrackPointExtension>
            <gpxtpx:hr>148</gpxtpx:hr>
          </gpxtpx:TrackPointExtension>
        </extensions>
      </trkpt>
      <trkpt lat="27.892101840337663" lon="102.23491031296884">
        <ele>0.0</ele>
        <time>2026-05-03T15:40:29Z</time>
        <extensions>
          <gpxtpx:TrackPointExtension>
            <gpxtpx:hr>148</gpxtpx:hr>
          </gpxtpx:TrackPointExtension>
        </extensions>
      </trkpt>
      <trkpt lat="27.892074827986505" lon="102.23489530237158">
        <ele>0.0</ele>
        <time>2026-05-03T15:40:30Z</time>
        <extensions>
          <gpxtpx:TrackPointExtension>
            <gpxtpx:hr>148</gpxtpx:hr>
          </gpxtpx:TrackPointExtension>
        </extensions>
      </trkpt>
      <trkpt lat="27.892049819487962" lon="102.23488729704724">
        <ele>0.0</ele>
        <time>2026-05-03T15:40:31Z</time>
        <extensions>
          <gpxtpx:TrackPointExtension>
            <gpxtpx:hr>148</gpxtpx:hr>
          </gpxtpx:TrackPointExtension>
        </extensions>
      </trkpt>
      <trkpt lat="27.892024807484262" lon="102.23487228637286">
        <ele>0.0</ele>
        <time>2026-05-03T15:40:32Z</time>
        <extensions>
          <gpxtpx:TrackPointExtension>
            <gpxtpx:hr>147</gpxtpx:hr>
          </gpxtpx:TrackPointExtension>
        </extensions>
      </trkpt>
      <trkpt lat="27.892000795652365" lon="102.23485727565773">
        <ele>0.0</ele>
        <time>2026-05-03T15:40:33Z</time>
        <extensions>
          <gpxtpx:TrackPointExtension>
            <gpxtpx:hr>146</gpxtpx:hr>
          </gpxtpx:TrackPointExtension>
        </extensions>
      </trkpt>
      <trkpt lat="27.89197777997801" lon="102.23483425877792">
        <ele>0.0</ele>
        <time>2026-05-03T15:40:34Z</time>
        <extensions>
          <gpxtpx:TrackPointExtension>
            <gpxtpx:hr>146</gpxtpx:hr>
          </gpxtpx:TrackPointExtension>
        </extensions>
      </trkpt>
      <trkpt lat="27.891952767945355" lon="102.23481924806997">
        <ele>0.0</ele>
        <time>2026-05-03T15:40:35Z</time>
        <extensions>
          <gpxtpx:TrackPointExtension>
            <gpxtpx:hr>147</gpxtpx:hr>
          </gpxtpx:TrackPointExtension>
        </extensions>
      </trkpt>
      <trkpt lat="27.89192575504151" lon="102.23480323664813">
        <ele>0.0</ele>
        <time>2026-05-03T15:40:36Z</time>
        <extensions>
          <gpxtpx:TrackPointExtension>
            <gpxtpx:hr>147</gpxtpx:hr>
          </gpxtpx:TrackPointExtension>
        </extensions>
      </trkpt>
      <trkpt lat="27.89190074701967" lon="102.23479623206002">
        <ele>0.0</ele>
        <time>2026-05-03T15:40:37Z</time>
        <extensions>
          <gpxtpx:TrackPointExtension>
            <gpxtpx:hr>146</gpxtpx:hr>
          </gpxtpx:TrackPointExtension>
        </extensions>
      </trkpt>
      <trkpt lat="27.891876731114174" lon="102.23477321515225">
        <ele>0.0</ele>
        <time>2026-05-03T15:40:38Z</time>
        <extensions>
          <gpxtpx:TrackPointExtension>
            <gpxtpx:hr>147</gpxtpx:hr>
          </gpxtpx:TrackPointExtension>
        </extensions>
      </trkpt>
      <trkpt lat="27.89185171904824" lon="102.2347582044057">
        <ele>0.0</ele>
        <time>2026-05-03T15:40:39Z</time>
        <extensions>
          <gpxtpx:TrackPointExtension>
            <gpxtpx:hr>147</gpxtpx:hr>
          </gpxtpx:TrackPointExtension>
        </extensions>
      </trkpt>
      <trkpt lat="27.89182270979015" lon="102.23475019916017">
        <ele>0.0</ele>
        <time>2026-05-03T15:40:40Z</time>
        <extensions>
          <gpxtpx:TrackPointExtension>
            <gpxtpx:hr>148</gpxtpx:hr>
          </gpxtpx:TrackPointExtension>
        </extensions>
      </trkpt>
      <trkpt lat="27.89179669753174" lon="102.23473518843032">
        <ele>0.0</ele>
        <time>2026-05-03T15:40:41Z</time>
        <extensions>
          <gpxtpx:TrackPointExtension>
            <gpxtpx:hr>147</gpxtpx:hr>
          </gpxtpx:TrackPointExtension>
        </extensions>
      </trkpt>
      <trkpt lat="27.89176768826705" lon="102.23472718317704">
        <ele>0.0</ele>
        <time>2026-05-03T15:40:42Z</time>
        <extensions>
          <gpxtpx:TrackPointExtension>
            <gpxtpx:hr>147</gpxtpx:hr>
          </gpxtpx:TrackPointExtension>
        </extensions>
      </trkpt>
      <trkpt lat="27.89173667864016" lon="102.23471917798359">
        <ele>0.0</ele>
        <time>2026-05-03T15:40:43Z</time>
        <extensions>
          <gpxtpx:TrackPointExtension>
            <gpxtpx:hr>147</gpxtpx:hr>
          </gpxtpx:TrackPointExtension>
        </extensions>
      </trkpt>
      <trkpt lat="27.891708666005" lon="102.23470416729668">
        <ele>0.0</ele>
        <time>2026-05-03T15:40:44Z</time>
        <extensions>
          <gpxtpx:TrackPointExtension>
            <gpxtpx:hr>148</gpxtpx:hr>
          </gpxtpx:TrackPointExtension>
        </extensions>
      </trkpt>
      <trkpt lat="27.891679657238416" lon="102.23469716280438">
        <ele>0.0</ele>
        <time>2026-05-03T15:40:45Z</time>
        <extensions>
          <gpxtpx:TrackPointExtension>
            <gpxtpx:hr>148</gpxtpx:hr>
          </gpxtpx:TrackPointExtension>
        </extensions>
      </trkpt>
      <trkpt lat="27.891651644083804" lon="102.23468115133147">
        <ele>0.0</ele>
        <time>2026-05-03T15:40:46Z</time>
        <extensions>
          <gpxtpx:TrackPointExtension>
            <gpxtpx:hr>148</gpxtpx:hr>
          </gpxtpx:TrackPointExtension>
        </extensions>
      </trkpt>
      <trkpt lat="27.891618630528214" lon="102.23466614077684">
        <ele>0.0</ele>
        <time>2026-05-03T15:40:47Z</time>
        <extensions>
          <gpxtpx:TrackPointExtension>
            <gpxtpx:hr>148</gpxtpx:hr>
          </gpxtpx:TrackPointExtension>
        </extensions>
      </trkpt>
      <trkpt lat="27.89159261415399" lon="102.23464312380547">
        <ele>0.0</ele>
        <time>2026-05-03T15:40:48Z</time>
        <extensions>
          <gpxtpx:TrackPointExtension>
            <gpxtpx:hr>149</gpxtpx:hr>
          </gpxtpx:TrackPointExtension>
        </extensions>
      </trkpt>
      <trkpt lat="27.89156759794043" lon="102.23462010678053">
        <ele>0.0</ele>
        <time>2026-05-03T15:40:49Z</time>
        <extensions>
          <gpxtpx:TrackPointExtension>
            <gpxtpx:hr>149</gpxtpx:hr>
          </gpxtpx:TrackPointExtension>
        </extensions>
      </trkpt>
      <trkpt lat="27.891542585791203" lon="102.23460509593717">
        <ele>0.0</ele>
        <time>2026-05-03T15:40:50Z</time>
        <extensions>
          <gpxtpx:TrackPointExtension>
            <gpxtpx:hr>149</gpxtpx:hr>
          </gpxtpx:TrackPointExtension>
        </extensions>
      </trkpt>
      <trkpt lat="27.89151557684899" lon="102.23459709057751">
        <ele>0.0</ele>
        <time>2026-05-03T15:40:51Z</time>
        <extensions>
          <gpxtpx:TrackPointExtension>
            <gpxtpx:hr>149</gpxtpx:hr>
          </gpxtpx:TrackPointExtension>
        </extensions>
      </trkpt>
      <trkpt lat="27.891489564507317" lon="102.23458207975088">
        <ele>0.0</ele>
        <time>2026-05-03T15:40:52Z</time>
        <extensions>
          <gpxtpx:TrackPointExtension>
            <gpxtpx:hr>149</gpxtpx:hr>
          </gpxtpx:TrackPointExtension>
        </extensions>
      </trkpt>
      <trkpt lat="27.89146055571004" lon="102.2345750752226">
        <ele>0.0</ele>
        <time>2026-05-03T15:40:53Z</time>
        <extensions>
          <gpxtpx:TrackPointExtension>
            <gpxtpx:hr>149</gpxtpx:hr>
          </gpxtpx:TrackPointExtension>
        </extensions>
      </trkpt>
      <trkpt lat="27.891431542304634" lon="102.23455906369863">
        <ele>0.0</ele>
        <time>2026-05-03T15:40:54Z</time>
        <extensions>
          <gpxtpx:TrackPointExtension>
            <gpxtpx:hr>148</gpxtpx:hr>
          </gpxtpx:TrackPointExtension>
        </extensions>
      </trkpt>
      <trkpt lat="27.891405534041425" lon="102.23455205906976">
        <ele>0.0</ele>
        <time>2026-05-03T15:40:55Z</time>
        <extensions>
          <gpxtpx:TrackPointExtension>
            <gpxtpx:hr>148</gpxtpx:hr>
          </gpxtpx:TrackPointExtension>
        </extensions>
      </trkpt>
      <trkpt lat="27.891376520622707" lon="102.23453604753027">
        <ele>0.0</ele>
        <time>2026-05-03T15:40:56Z</time>
        <extensions>
          <gpxtpx:TrackPointExtension>
            <gpxtpx:hr>148</gpxtpx:hr>
          </gpxtpx:TrackPointExtension>
        </extensions>
      </trkpt>
      <trkpt lat="27.891349508067957" lon="102.23452103669635">
        <ele>0.0</ele>
        <time>2026-05-03T15:40:57Z</time>
        <extensions>
          <gpxtpx:TrackPointExtension>
            <gpxtpx:hr>146</gpxtpx:hr>
          </gpxtpx:TrackPointExtension>
        </extensions>
      </trkpt>
      <trkpt lat="27.891323495684983" lon="102.23450602582167">
        <ele>0.0</ele>
        <time>2026-05-03T15:40:58Z</time>
        <extensions>
          <gpxtpx:TrackPointExtension>
            <gpxtpx:hr>144</gpxtpx:hr>
          </gpxtpx:TrackPointExtension>
        </extensions>
      </trkpt>
      <trkpt lat="27.891298487074188" lon="102.2344980203661">
        <ele>0.0</ele>
        <time>2026-05-03T15:40:59Z</time>
        <extensions>
          <gpxtpx:TrackPointExtension>
            <gpxtpx:hr>142</gpxtpx:hr>
          </gpxtpx:TrackPointExtension>
        </extensions>
      </trkpt>
      <trkpt lat="27.891271474498794" lon="102.23448300950817">
        <ele>0.0</ele>
        <time>2026-05-03T15:41:00Z</time>
        <extensions>
          <gpxtpx:TrackPointExtension>
            <gpxtpx:hr>141</gpxtpx:hr>
          </gpxtpx:TrackPointExtension>
        </extensions>
      </trkpt>
      <trkpt lat="27.891229443224134" lon="102.23443697487563">
        <ele>0.0</ele>
        <time>2026-05-03T15:41:02Z</time>
        <extensions>
          <gpxtpx:TrackPointExtension>
            <gpxtpx:hr>139</gpxtpx:hr>
          </gpxtpx:TrackPointExtension>
        </extensions>
      </trkpt>
      <trkpt lat="27.89121442915467" lon="102.23441495812166">
        <ele>0.0</ele>
        <time>2026-05-03T15:41:03Z</time>
        <extensions>
          <gpxtpx:TrackPointExtension>
            <gpxtpx:hr>139</gpxtpx:hr>
          </gpxtpx:TrackPointExtension>
        </extensions>
      </trkpt>
      <trkpt lat="27.89120341112328" lon="102.23438393416227">
        <ele>0.0</ele>
        <time>2026-05-03T15:41:04Z</time>
        <extensions>
          <gpxtpx:TrackPointExtension>
            <gpxtpx:hr>139</gpxtpx:hr>
          </gpxtpx:TrackPointExtension>
        </extensions>
      </trkpt>
      <trkpt lat="27.891197394475892" lon="102.23435391079194">
        <ele>0.0</ele>
        <time>2026-05-03T15:41:05Z</time>
        <extensions>
          <gpxtpx:TrackPointExtension>
            <gpxtpx:hr>139</gpxtpx:hr>
          </gpxtpx:TrackPointExtension>
        </extensions>
      </trkpt>
      <trkpt lat="27.891205375627905" lon="102.23431487985981">
        <ele>0.0</ele>
        <time>2026-05-03T15:41:06Z</time>
        <extensions>
          <gpxtpx:TrackPointExtension>
            <gpxtpx:hr>140</gpxtpx:hr>
          </gpxtpx:TrackPointExtension>
        </extensions>
      </trkpt>
      <trkpt lat="27.89121835814632" lon="102.23427684949645">
        <ele>0.0</ele>
        <time>2026-05-03T15:41:07Z</time>
        <extensions>
          <gpxtpx:TrackPointExtension>
            <gpxtpx:hr>140</gpxtpx:hr>
          </gpxtpx:TrackPointExtension>
        </extensions>
      </trkpt>
      <trkpt lat="27.891231344800286" lon="102.23424682539684">
        <ele>0.0</ele>
        <time>2026-05-03T15:41:08Z</time>
        <extensions>
          <gpxtpx:TrackPointExtension>
            <gpxtpx:hr>140</gpxtpx:hr>
          </gpxtpx:TrackPointExtension>
        </extensions>
      </trkpt>
      <trkpt lat="27.891250336171403" lon="102.23422380661235">
        <ele>0.0</ele>
        <time>2026-05-03T15:41:09Z</time>
        <extensions>
          <gpxtpx:TrackPointExtension>
            <gpxtpx:hr>140</gpxtpx:hr>
          </gpxtpx:TrackPointExtension>
        </extensions>
      </trkpt>
      <trkpt lat="27.89126833521512" lon="102.23421579971719">
        <ele>0.0</ele>
        <time>2026-05-03T15:41:10Z</time>
        <extensions>
          <gpxtpx:TrackPointExtension>
            <gpxtpx:hr>139</gpxtpx:hr>
          </gpxtpx:TrackPointExtension>
        </extensions>
      </trkpt>
      <trkpt lat="27.891283330042228" lon="102.2342007873678">
        <ele>0.0</ele>
        <time>2026-05-03T15:41:11Z</time>
        <extensions>
          <gpxtpx:TrackPointExtension>
            <gpxtpx:hr>139</gpxtpx:hr>
          </gpxtpx:TrackPointExtension>
        </extensions>
      </trkpt>
      <trkpt lat="27.891298324861143" lon="102.23418577500895">
        <ele>0.0</ele>
        <time>2026-05-03T15:41:12Z</time>
        <extensions>
          <gpxtpx:TrackPointExtension>
            <gpxtpx:hr>138</gpxtpx:hr>
          </gpxtpx:TrackPointExtension>
        </extensions>
      </trkpt>
      <trkpt lat="27.891312315281553" lon="102.23416275632174">
        <ele>0.0</ele>
        <time>2026-05-03T15:41:13Z</time>
        <extensions>
          <gpxtpx:TrackPointExtension>
            <gpxtpx:hr>138</gpxtpx:hr>
          </gpxtpx:TrackPointExtension>
        </extensions>
      </trkpt>
      <trkpt lat="27.891321304783034" lon="102.23413973776863">
        <ele>0.0</ele>
        <time>2026-05-03T15:41:14Z</time>
        <extensions>
          <gpxtpx:TrackPointExtension>
            <gpxtpx:hr>137</gpxtpx:hr>
          </gpxtpx:TrackPointExtension>
        </extensions>
      </trkpt>
      <trkpt lat="27.891333294805026" lon="102.23411671909946">
        <ele>0.0</ele>
        <time>2026-05-03T15:41:15Z</time>
        <extensions>
          <gpxtpx:TrackPointExtension>
            <gpxtpx:hr>137</gpxtpx:hr>
          </gpxtpx:TrackPointExtension>
        </extensions>
      </trkpt>
      <trkpt lat="27.891363272161314" lon="102.23406367592106">
        <ele>0.0</ele>
        <time>2026-05-03T15:41:17Z</time>
        <extensions>
          <gpxtpx:TrackPointExtension>
            <gpxtpx:hr>138</gpxtpx:hr>
          </gpxtpx:TrackPointExtension>
        </extensions>
      </trkpt>
      <trkpt lat="27.89138226762516" lon="102.23404866335066">
        <ele>0.0</ele>
        <time>2026-05-03T15:41:18Z</time>
        <extensions>
          <gpxtpx:TrackPointExtension>
            <gpxtpx:hr>138</gpxtpx:hr>
          </gpxtpx:TrackPointExtension>
        </extensions>
      </trkpt>
      <trkpt lat="27.891403259190366" lon="102.23402564431201">
        <ele>0.0</ele>
        <time>2026-05-03T15:41:19Z</time>
        <extensions>
          <gpxtpx:TrackPointExtension>
            <gpxtpx:hr>137</gpxtpx:hr>
          </gpxtpx:TrackPointExtension>
        </extensions>
      </trkpt>
      <trkpt lat="27.89142225037645" lon="102.23400262531366">
        <ele>0.0</ele>
        <time>2026-05-03T15:41:20Z</time>
        <extensions>
          <gpxtpx:TrackPointExtension>
            <gpxtpx:hr>137</gpxtpx:hr>
          </gpxtpx:TrackPointExtension>
        </extensions>
      </trkpt>
      <trkpt lat="27.89144524652682" lon="102.2339876125797">
        <ele>0.0</ele>
        <time>2026-05-03T15:41:21Z</time>
        <extensions>
          <gpxtpx:TrackPointExtension>
            <gpxtpx:hr>137</gpxtpx:hr>
          </gpxtpx:TrackPointExtension>
        </extensions>
      </trkpt>
      <trkpt lat="27.89147224712151" lon="102.23397960532365">
        <ele>0.0</ele>
        <time>2026-05-03T15:41:22Z</time>
        <extensions>
          <gpxtpx:TrackPointExtension>
            <gpxtpx:hr>137</gpxtpx:hr>
          </gpxtpx:TrackPointExtension>
        </extensions>
      </trkpt>
      <trkpt lat="27.8914972436193" lon="102.23396459251263">
        <ele>0.0</ele>
        <time>2026-05-03T15:41:23Z</time>
        <extensions>
          <gpxtpx:TrackPointExtension>
            <gpxtpx:hr>137</gpxtpx:hr>
          </gpxtpx:TrackPointExtension>
        </extensions>
      </trkpt>
      <trkpt lat="27.891518239389157" lon="102.23394957981726">
        <ele>0.0</ele>
        <time>2026-05-03T15:41:24Z</time>
        <extensions>
          <gpxtpx:TrackPointExtension>
            <gpxtpx:hr>138</gpxtpx:hr>
          </gpxtpx:TrackPointExtension>
        </extensions>
      </trkpt>
      <trkpt lat="27.89153923087166" lon="102.23392656068287">
        <ele>0.0</ele>
        <time>2026-05-03T15:41:25Z</time>
        <extensions>
          <gpxtpx:TrackPointExtension>
            <gpxtpx:hr>138</gpxtpx:hr>
          </gpxtpx:TrackPointExtension>
        </extensions>
      </trkpt>
      <trkpt lat="27.891558230009185" lon="102.23391855365648">
        <ele>0.0</ele>
        <time>2026-05-03T15:41:26Z</time>
        <extensions>
          <gpxtpx:TrackPointExtension>
            <gpxtpx:hr>138</gpxtpx:hr>
          </gpxtpx:TrackPointExtension>
        </extensions>
      </trkpt>
      <trkpt lat="27.891579225754025" lon="102.23390354093208">
        <ele>0.0</ele>
        <time>2026-05-03T15:41:27Z</time>
        <extensions>
          <gpxtpx:TrackPointExtension>
            <gpxtpx:hr>138</gpxtpx:hr>
          </gpxtpx:TrackPointExtension>
        </extensions>
      </trkpt>
      <trkpt lat="27.891602221850622" lon="102.2338885281357">
        <ele>0.0</ele>
        <time>2026-05-03T15:41:28Z</time>
        <extensions>
          <gpxtpx:TrackPointExtension>
            <gpxtpx:hr>138</gpxtpx:hr>
          </gpxtpx:TrackPointExtension>
        </extensions>
      </trkpt>
      <trkpt lat="27.891626217582033" lon="102.23387251449246">
        <ele>0.0</ele>
        <time>2026-05-03T15:41:29Z</time>
        <extensions>
          <gpxtpx:TrackPointExtension>
            <gpxtpx:hr>138</gpxtpx:hr>
          </gpxtpx:TrackPointExtension>
        </extensions>
      </trkpt>
      <trkpt lat="27.89165121832101" lon="102.23386550806673">
        <ele>0.0</ele>
        <time>2026-05-03T15:41:30Z</time>
        <extensions>
          <gpxtpx:TrackPointExtension>
            <gpxtpx:hr>137</gpxtpx:hr>
          </gpxtpx:TrackPointExtension>
        </extensions>
      </trkpt>
      <trkpt lat="27.891674213859165" lon="102.2338494944393">
        <ele>0.0</ele>
        <time>2026-05-03T15:41:31Z</time>
        <extensions>
          <gpxtpx:TrackPointExtension>
            <gpxtpx:hr>137</gpxtpx:hr>
          </gpxtpx:TrackPointExtension>
        </extensions>
      </trkpt>
      <trkpt lat="27.891695209566535" lon="102.23383448167141">
        <ele>0.0</ele>
        <time>2026-05-03T15:41:32Z</time>
        <extensions>
          <gpxtpx:TrackPointExtension>
            <gpxtpx:hr>138</gpxtpx:hr>
          </gpxtpx:TrackPointExtension>
        </extensions>
      </trkpt>
      <trkpt lat="27.891714200593142" lon="102.23381146248843">
        <ele>0.0</ele>
        <time>2026-05-03T15:41:33Z</time>
        <extensions>
          <gpxtpx:TrackPointExtension>
            <gpxtpx:hr>138</gpxtpx:hr>
          </gpxtpx:TrackPointExtension>
        </extensions>
      </trkpt>
      <trkpt lat="27.891733195919908" lon="102.23379644975915">
        <ele>0.0</ele>
        <time>2026-05-03T15:41:34Z</time>
        <extensions>
          <gpxtpx:TrackPointExtension>
            <gpxtpx:hr>138</gpxtpx:hr>
          </gpxtpx:TrackPointExtension>
        </extensions>
      </trkpt>
      <trkpt lat="27.891754187274707" lon="102.23377343047693">
        <ele>0.0</ele>
        <time>2026-05-03T15:41:35Z</time>
        <extensions>
          <gpxtpx:TrackPointExtension>
            <gpxtpx:hr>137</gpxtpx:hr>
          </gpxtpx:TrackPointExtension>
        </extensions>
      </trkpt>
      <trkpt lat="27.891775182940737" lon="102.23375841766118">
        <ele>0.0</ele>
        <time>2026-05-03T15:41:36Z</time>
        <extensions>
          <gpxtpx:TrackPointExtension>
            <gpxtpx:hr>137</gpxtpx:hr>
          </gpxtpx:TrackPointExtension>
        </extensions>
      </trkpt>
      <trkpt lat="27.891794169566737" lon="102.23372739190839">
        <ele>0.0</ele>
        <time>2026-05-03T15:41:37Z</time>
        <extensions>
          <gpxtpx:TrackPointExtension>
            <gpxtpx:hr>137</gpxtpx:hr>
          </gpxtpx:TrackPointExtension>
        </extensions>
      </trkpt>
      <trkpt lat="27.89181316104707" lon="102.23370537343524">
        <ele>0.0</ele>
        <time>2026-05-03T15:41:38Z</time>
        <extensions>
          <gpxtpx:TrackPointExtension>
            <gpxtpx:hr>138</gpxtpx:hr>
          </gpxtpx:TrackPointExtension>
        </extensions>
      </trkpt>
      <trkpt lat="27.89183415232588" lon="102.23368235406515">
        <ele>0.0</ele>
        <time>2026-05-03T15:41:39Z</time>
        <extensions>
          <gpxtpx:TrackPointExtension>
            <gpxtpx:hr>138</gpxtpx:hr>
          </gpxtpx:TrackPointExtension>
        </extensions>
      </trkpt>
      <trkpt lat="27.89185514358549" lon="102.23365933467286">
        <ele>0.0</ele>
        <time>2026-05-03T15:41:40Z</time>
        <extensions>
          <gpxtpx:TrackPointExtension>
            <gpxtpx:hr>138</gpxtpx:hr>
          </gpxtpx:TrackPointExtension>
        </extensions>
      </trkpt>
      <trkpt lat="27.891871133926013" lon="102.23363631541476">
        <ele>0.0</ele>
        <time>2026-05-03T15:41:41Z</time>
        <extensions>
          <gpxtpx:TrackPointExtension>
            <gpxtpx:hr>140</gpxtpx:hr>
          </gpxtpx:TrackPointExtension>
        </extensions>
      </trkpt>
      <trkpt lat="27.891884119881478" lon="102.23360629050825">
        <ele>0.0</ele>
        <time>2026-05-03T15:41:42Z</time>
        <extensions>
          <gpxtpx:TrackPointExtension>
            <gpxtpx:hr>140</gpxtpx:hr>
          </gpxtpx:TrackPointExtension>
        </extensions>
      </trkpt>
      <trkpt lat="27.891897105256447" lon="102.23357526474541">
        <ele>0.0</ele>
        <time>2026-05-03T15:41:43Z</time>
        <extensions>
          <gpxtpx:TrackPointExtension>
            <gpxtpx:hr>140</gpxtpx:hr>
          </gpxtpx:TrackPointExtension>
        </extensions>
      </trkpt>
      <trkpt lat="27.891909086573055" lon="102.23353723323328">
        <ele>0.0</ele>
        <time>2026-05-03T15:41:44Z</time>
        <extensions>
          <gpxtpx:TrackPointExtension>
            <gpxtpx:hr>141</gpxtpx:hr>
          </gpxtpx:TrackPointExtension>
        </extensions>
      </trkpt>
      <trkpt lat="27.891924063971402" lon="102.2334911949912">
        <ele>0.0</ele>
        <time>2026-05-03T15:41:45Z</time>
        <extensions>
          <gpxtpx:TrackPointExtension>
            <gpxtpx:hr>141</gpxtpx:hr>
          </gpxtpx:TrackPointExtension>
        </extensions>
      </trkpt>
      <trkpt lat="27.89193904571204" lon="102.23345316325147">
        <ele>0.0</ele>
        <time>2026-05-03T15:41:46Z</time>
        <extensions>
          <gpxtpx:TrackPointExtension>
            <gpxtpx:hr>141</gpxtpx:hr>
          </gpxtpx:TrackPointExtension>
        </extensions>
      </trkpt>
      <trkpt lat="27.891953027220275" lon="102.23341513148247">
        <ele>0.0</ele>
        <time>2026-05-03T15:41:47Z</time>
        <extensions>
          <gpxtpx:TrackPointExtension>
            <gpxtpx:hr>143</gpxtpx:hr>
          </gpxtpx:TrackPointExtension>
        </extensions>
      </trkpt>
      <trkpt lat="27.89196600849612" lon="102.23337709968428">
        <ele>0.0</ele>
        <time>2026-05-03T15:41:48Z</time>
        <extensions>
          <gpxtpx:TrackPointExtension>
            <gpxtpx:hr>143</gpxtpx:hr>
          </gpxtpx:TrackPointExtension>
        </extensions>
      </trkpt>
      <trkpt lat="27.89198099397334" lon="102.2333460735614">
        <ele>0.0</ele>
        <time>2026-05-03T15:41:49Z</time>
        <extensions>
          <gpxtpx:TrackPointExtension>
            <gpxtpx:hr>145</gpxtpx:hr>
          </gpxtpx:TrackPointExtension>
        </extensions>
      </trkpt>
      <trkpt lat="27.89200198105287" lon="102.2333160480401">
        <ele>0.0</ele>
        <time>2026-05-03T15:41:50Z</time>
        <extensions>
          <gpxtpx:TrackPointExtension>
            <gpxtpx:hr>145</gpxtpx:hr>
          </gpxtpx:TrackPointExtension>
        </extensions>
      </trkpt>
      <trkpt lat="27.892019967001495" lon="102.23328502174421">
        <ele>0.0</ele>
        <time>2026-05-03T15:41:51Z</time>
        <extensions>
          <gpxtpx:TrackPointExtension>
            <gpxtpx:hr>147</gpxtpx:hr>
          </gpxtpx:TrackPointExtension>
        </extensions>
      </trkpt>
      <trkpt lat="27.892038958129017" lon="102.2332630028635">
        <ele>0.0</ele>
        <time>2026-05-03T15:41:52Z</time>
        <extensions>
          <gpxtpx:TrackPointExtension>
            <gpxtpx:hr>147</gpxtpx:hr>
          </gpxtpx:TrackPointExtension>
        </extensions>
      </trkpt>
      <trkpt lat="27.8920599400748" lon="102.23322396973998">
        <ele>0.0</ele>
        <time>2026-05-03T15:41:53Z</time>
        <extensions>
          <gpxtpx:TrackPointExtension>
            <gpxtpx:hr>147</gpxtpx:hr>
          </gpxtpx:TrackPointExtension>
        </extensions>
      </trkpt>
      <trkpt lat="27.892078931153716" lon="102.23320195080308">
        <ele>0.0</ele>
        <time>2026-05-03T15:41:54Z</time>
        <extensions>
          <gpxtpx:TrackPointExtension>
            <gpxtpx:hr>146</gpxtpx:hr>
          </gpxtpx:TrackPointExtension>
        </extensions>
      </trkpt>
      <trkpt lat="27.89209991751429" lon="102.23317092426547">
        <ele>0.0</ele>
        <time>2026-05-03T15:41:55Z</time>
        <extensions>
          <gpxtpx:TrackPointExtension>
            <gpxtpx:hr>146</gpxtpx:hr>
          </gpxtpx:TrackPointExtension>
        </extensions>
      </trkpt>
      <trkpt lat="27.89211890404365" lon="102.233140898587">
        <ele>0.0</ele>
        <time>2026-05-03T15:41:56Z</time>
        <extensions>
          <gpxtpx:TrackPointExtension>
            <gpxtpx:hr>146</gpxtpx:hr>
          </gpxtpx:TrackPointExtension>
        </extensions>
      </trkpt>
      <trkpt lat="27.892139894852093" lon="102.23311787867345">
        <ele>0.0</ele>
        <time>2026-05-03T15:41:57Z</time>
        <extensions>
          <gpxtpx:TrackPointExtension>
            <gpxtpx:hr>145</gpxtpx:hr>
          </gpxtpx:TrackPointExtension>
        </extensions>
      </trkpt>
      <trkpt lat="27.892162881478402" lon="102.23308685196436">
        <ele>0.0</ele>
        <time>2026-05-03T15:41:58Z</time>
        <extensions>
          <gpxtpx:TrackPointExtension>
            <gpxtpx:hr>145</gpxtpx:hr>
          </gpxtpx:TrackPointExtension>
        </extensions>
      </trkpt>
      <trkpt lat="27.892183872241922" lon="102.23306383199888">
        <ele>0.0</ele>
        <time>2026-05-03T15:41:59Z</time>
        <extensions>
          <gpxtpx:TrackPointExtension>
            <gpxtpx:hr>146</gpxtpx:hr>
          </gpxtpx:TrackPointExtension>
        </extensions>
      </trkpt>
      <trkpt lat="27.892200858295094" lon="102.23303380624874">
        <ele>0.0</ele>
        <time>2026-05-03T15:42:00Z</time>
        <extensions>
          <gpxtpx:TrackPointExtension>
            <gpxtpx:hr>146</gpxtpx:hr>
          </gpxtpx:TrackPointExtension>
        </extensions>
      </trkpt>
      <trkpt lat="27.892219848654513" lon="102.23301078629486">
        <ele>0.0</ele>
        <time>2026-05-03T15:42:01Z</time>
        <extensions>
          <gpxtpx:TrackPointExtension>
            <gpxtpx:hr>144</gpxtpx:hr>
          </gpxtpx:TrackPointExtension>
        </extensions>
      </trkpt>
      <trkpt lat="27.892242839714847" lon="102.23298776619376">
        <ele>0.0</ele>
        <time>2026-05-03T15:42:02Z</time>
        <extensions>
          <gpxtpx:TrackPointExtension>
            <gpxtpx:hr>144</gpxtpx:hr>
          </gpxtpx:TrackPointExtension>
        </extensions>
      </trkpt>
      <trkpt lat="27.892259825685542" lon="102.23295774034833">
        <ele>0.0</ele>
        <time>2026-05-03T15:42:03Z</time>
        <extensions>
          <gpxtpx:TrackPointExtension>
            <gpxtpx:hr>144</gpxtpx:hr>
          </gpxtpx:TrackPointExtension>
        </extensions>
      </trkpt>
      <trkpt lat="27.892280816341792" lon="102.23293472025884">
        <ele>0.0</ele>
        <time>2026-05-03T15:42:04Z</time>
        <extensions>
          <gpxtpx:TrackPointExtension>
            <gpxtpx:hr>142</gpxtpx:hr>
          </gpxtpx:TrackPointExtension>
        </extensions>
      </trkpt>
      <trkpt lat="27.89230180697893" lon="102.23291170014726">
        <ele>0.0</ele>
        <time>2026-05-03T15:42:05Z</time>
        <extensions>
          <gpxtpx:TrackPointExtension>
            <gpxtpx:hr>142</gpxtpx:hr>
          </gpxtpx:TrackPointExtension>
        </extensions>
      </trkpt>
      <trkpt lat="27.89232079265426" lon="102.23288067329644">
        <ele>0.0</ele>
        <time>2026-05-03T15:42:06Z</time>
        <extensions>
          <gpxtpx:TrackPointExtension>
            <gpxtpx:hr>142</gpxtpx:hr>
          </gpxtpx:TrackPointExtension>
        </extensions>
      </trkpt>
      <trkpt lat="27.892339783460287" lon="102.23285865404411">
        <ele>0.0</ele>
        <time>2026-05-03T15:42:07Z</time>
        <extensions>
          <gpxtpx:TrackPointExtension>
            <gpxtpx:hr>140</gpxtpx:hr>
          </gpxtpx:TrackPointExtension>
        </extensions>
      </trkpt>
      <trkpt lat="27.892358773674243" lon="102.2328356339221">
        <ele>0.0</ele>
        <time>2026-05-03T15:42:08Z</time>
        <extensions>
          <gpxtpx:TrackPointExtension>
            <gpxtpx:hr>140</gpxtpx:hr>
          </gpxtpx:TrackPointExtension>
        </extensions>
      </trkpt>
      <trkpt lat="27.8923777638691" lon="102.232812613778">
        <ele>0.0</ele>
        <time>2026-05-03T15:42:09Z</time>
        <extensions>
          <gpxtpx:TrackPointExtension>
            <gpxtpx:hr>139</gpxtpx:hr>
          </gpxtpx:TrackPointExtension>
        </extensions>
      </trkpt>
      <trkpt lat="27.892396749433527" lon="102.23278158679902">
        <ele>0.0</ele>
        <time>2026-05-03T15:42:10Z</time>
        <extensions>
          <gpxtpx:TrackPointExtension>
            <gpxtpx:hr>139</gpxtpx:hr>
          </gpxtpx:TrackPointExtension>
        </extensions>
      </trkpt>
      <trkpt lat="27.89241673976355" lon="102.2327585665718">
        <ele>0.0</ele>
        <time>2026-05-03T15:42:11Z</time>
        <extensions>
          <gpxtpx:TrackPointExtension>
            <gpxtpx:hr>138</gpxtpx:hr>
          </gpxtpx:TrackPointExtension>
        </extensions>
      </trkpt>
      <trkpt lat="27.892435730472666" lon="102.23273654720745">
        <ele>0.0</ele>
        <time>2026-05-03T15:42:12Z</time>
        <extensions>
          <gpxtpx:TrackPointExtension>
            <gpxtpx:hr>138</gpxtpx:hr>
          </gpxtpx:TrackPointExtension>
        </extensions>
      </trkpt>
      <trkpt lat="27.892450715231902" lon="102.23270552025532">
        <ele>0.0</ele>
        <time>2026-05-03T15:42:13Z</time>
        <extensions>
          <gpxtpx:TrackPointExtension>
            <gpxtpx:hr>139</gpxtpx:hr>
          </gpxtpx:TrackPointExtension>
        </extensions>
      </trkpt>
      <trkpt lat="27.8924697053188" lon="102.23268249998647">
        <ele>0.0</ele>
        <time>2026-05-03T15:42:14Z</time>
        <extensions>
          <gpxtpx:TrackPointExtension>
            <gpxtpx:hr>139</gpxtpx:hr>
          </gpxtpx:TrackPointExtension>
        </extensions>
      </trkpt>
      <trkpt lat="27.892488691318945" lon="102.23265247369655">
        <ele>0.0</ele>
        <time>2026-05-03T15:42:15Z</time>
        <extensions>
          <gpxtpx:TrackPointExtension>
            <gpxtpx:hr>140</gpxtpx:hr>
          </gpxtpx:TrackPointExtension>
        </extensions>
      </trkpt>
      <trkpt lat="27.89250768136186" lon="102.23262945337684">
        <ele>0.0</ele>
        <time>2026-05-03T15:42:16Z</time>
        <extensions>
          <gpxtpx:TrackPointExtension>
            <gpxtpx:hr>140</gpxtpx:hr>
          </gpxtpx:TrackPointExtension>
        </extensions>
      </trkpt>
      <trkpt lat="27.892519665461236" lon="102.23259842638024">
        <ele>0.0</ele>
        <time>2026-05-03T15:42:17Z</time>
        <extensions>
          <gpxtpx:TrackPointExtension>
            <gpxtpx:hr>140</gpxtpx:hr>
          </gpxtpx:TrackPointExtension>
        </extensions>
      </trkpt>
      <trkpt lat="27.89252864957009" lon="102.23256840029808">
        <ele>0.0</ele>
        <time>2026-05-03T15:42:18Z</time>
        <extensions>
          <gpxtpx:TrackPointExtension>
            <gpxtpx:hr>141</gpxtpx:hr>
          </gpxtpx:TrackPointExtension>
        </extensions>
      </trkpt>
      <trkpt lat="27.892538633241127" lon="102.23253737328524">
        <ele>0.0</ele>
        <time>2026-05-03T15:42:19Z</time>
        <extensions>
          <gpxtpx:TrackPointExtension>
            <gpxtpx:hr>141</gpxtpx:hr>
          </gpxtpx:TrackPointExtension>
        </extensions>
      </trkpt>
      <trkpt lat="27.892543616563785" lon="102.23250734725198">
        <ele>0.0</ele>
        <time>2026-05-03T15:42:20Z</time>
        <extensions>
          <gpxtpx:TrackPointExtension>
            <gpxtpx:hr>142</gpxtpx:hr>
          </gpxtpx:TrackPointExtension>
        </extensions>
      </trkpt>
      <trkpt lat="27.892549595332504" lon="102.23246931423313">
        <ele>0.0</ele>
        <time>2026-05-03T15:42:21Z</time>
        <extensions>
          <gpxtpx:TrackPointExtension>
            <gpxtpx:hr>142</gpxtpx:hr>
          </gpxtpx:TrackPointExtension>
        </extensions>
      </trkpt>
      <trkpt lat="27.89256157925286" lon="102.23243828702988">
        <ele>0.0</ele>
        <time>2026-05-03T15:42:22Z</time>
        <extensions>
          <gpxtpx:TrackPointExtension>
            <gpxtpx:hr>143</gpxtpx:hr>
          </gpxtpx:TrackPointExtension>
        </extensions>
      </trkpt>
      <trkpt lat="27.892574563908642" lon="102.23240826062268">
        <ele>0.0</ele>
        <time>2026-05-03T15:42:23Z</time>
        <extensions>
          <gpxtpx:TrackPointExtension>
            <gpxtpx:hr>143</gpxtpx:hr>
          </gpxtpx:TrackPointExtension>
        </extensions>
      </trkpt>
      <trkpt lat="27.892587547940842" lon="102.23237723330944">
        <ele>0.0</ele>
        <time>2026-05-03T15:42:24Z</time>
        <extensions>
          <gpxtpx:TrackPointExtension>
            <gpxtpx:hr>142</gpxtpx:hr>
          </gpxtpx:TrackPointExtension>
        </extensions>
      </trkpt>
      <trkpt lat="27.892589539429625" lon="102.23236222021319">
        <ele>0.0</ele>
        <time>2026-05-03T15:42:25Z</time>
        <extensions>
          <gpxtpx:TrackPointExtension>
            <gpxtpx:hr>142</gpxtpx:hr>
          </gpxtpx:TrackPointExtension>
        </extensions>
      </trkpt>
      <trkpt lat="27.89255747491444" lon="102.23226313495735">
        <ele>0.0</ele>
        <time>2026-05-03T15:42:30Z</time>
        <extensions>
          <gpxtpx:TrackPointExtension>
            <gpxtpx:hr>124</gpxtpx:hr>
          </gpxtpx:TrackPointExtension>
        </extensions>
      </trkpt>
      <trkpt lat="27.892565457884384" lon="102.23223210761354">
        <ele>0.0</ele>
        <time>2026-05-03T15:42:31Z</time>
        <extensions>
          <gpxtpx:TrackPointExtension>
            <gpxtpx:hr>124</gpxtpx:hr>
          </gpxtpx:TrackPointExtension>
        </extensions>
      </trkpt>
      <trkpt lat="27.892593417496837" lon="102.23215604014565">
        <ele>0.0</ele>
        <time>2026-05-03T15:42:33Z</time>
        <extensions>
          <gpxtpx:TrackPointExtension>
            <gpxtpx:hr>123</gpxtpx:hr>
          </gpxtpx:TrackPointExtension>
        </extensions>
      </trkpt>
      <trkpt lat="27.892609402387865" lon="102.23212601329274">
        <ele>0.0</ele>
        <time>2026-05-03T15:42:34Z</time>
        <extensions>
          <gpxtpx:TrackPointExtension>
            <gpxtpx:hr>123</gpxtpx:hr>
          </gpxtpx:TrackPointExtension>
        </extensions>
      </trkpt>
      <trkpt lat="27.892633388085553" lon="102.23209498527183">
        <ele>0.0</ele>
        <time>2026-05-03T15:42:35Z</time>
        <extensions>
          <gpxtpx:TrackPointExtension>
            <gpxtpx:hr>122</gpxtpx:hr>
          </gpxtpx:TrackPointExtension>
        </extensions>
      </trkpt>
      <trkpt lat="27.892662379467172" lon="102.23207196410613">
        <ele>0.0</ele>
        <time>2026-05-03T15:42:36Z</time>
        <extensions>
          <gpxtpx:TrackPointExtension>
            <gpxtpx:hr>122</gpxtpx:hr>
          </gpxtpx:TrackPointExtension>
        </extensions>
      </trkpt>
      <trkpt lat="27.892691380472662" lon="102.23206495702888">
        <ele>0.0</ele>
        <time>2026-05-03T15:42:37Z</time>
        <extensions>
          <gpxtpx:TrackPointExtension>
            <gpxtpx:hr>122</gpxtpx:hr>
          </gpxtpx:TrackPointExtension>
        </extensions>
      </trkpt>
      <trkpt lat="27.892715379973552" lon="102.23205694922413">
        <ele>0.0</ele>
        <time>2026-05-03T15:42:38Z</time>
        <extensions>
          <gpxtpx:TrackPointExtension>
            <gpxtpx:hr>121</gpxtpx:hr>
          </gpxtpx:TrackPointExtension>
        </extensions>
      </trkpt>
      <trkpt lat="27.89273837989508" lon="102.23204994233022">
        <ele>0.0</ele>
        <time>2026-05-03T15:42:39Z</time>
        <extensions>
          <gpxtpx:TrackPointExtension>
            <gpxtpx:hr>121</gpxtpx:hr>
          </gpxtpx:TrackPointExtension>
        </extensions>
      </trkpt>
      <trkpt lat="27.892769389696326" lon="102.2320569475347">
        <ele>0.0</ele>
        <time>2026-05-03T15:42:40Z</time>
        <extensions>
          <gpxtpx:TrackPointExtension>
            <gpxtpx:hr>121</gpxtpx:hr>
          </gpxtpx:TrackPointExtension>
        </extensions>
      </trkpt>
      <trkpt lat="27.892797399558123" lon="102.23206495371257">
        <ele>0.0</ele>
        <time>2026-05-03T15:42:41Z</time>
        <extensions>
          <gpxtpx:TrackPointExtension>
            <gpxtpx:hr>122</gpxtpx:hr>
          </gpxtpx:TrackPointExtension>
        </extensions>
      </trkpt>
      <trkpt lat="27.892824408635505" lon="102.23207195903782">
        <ele>0.0</ele>
        <time>2026-05-03T15:42:42Z</time>
        <extensions>
          <gpxtpx:TrackPointExtension>
            <gpxtpx:hr>122</gpxtpx:hr>
          </gpxtpx:TrackPointExtension>
        </extensions>
      </trkpt>
      <trkpt lat="27.892849422766574" lon="102.23208797235084">
        <ele>0.0</ele>
        <time>2026-05-03T15:42:43Z</time>
        <extensions>
          <gpxtpx:TrackPointExtension>
            <gpxtpx:hr>122</gpxtpx:hr>
          </gpxtpx:TrackPointExtension>
        </extensions>
      </trkpt>
      <trkpt lat="27.892872435927345" lon="102.23210298483583">
        <ele>0.0</ele>
        <time>2026-05-03T15:42:44Z</time>
        <extensions>
          <gpxtpx:TrackPointExtension>
            <gpxtpx:hr>122</gpxtpx:hr>
          </gpxtpx:TrackPointExtension>
        </extensions>
      </trkpt>
      <trkpt lat="27.892893444515682" lon="102.23211099121744">
        <ele>0.0</ele>
        <time>2026-05-03T15:42:45Z</time>
        <extensions>
          <gpxtpx:TrackPointExtension>
            <gpxtpx:hr>122</gpxtpx:hr>
          </gpxtpx:TrackPointExtension>
        </extensions>
      </trkpt>
      <trkpt lat="27.89291645286142" lon="102.23211799665448">
        <ele>0.0</ele>
        <time>2026-05-03T15:42:46Z</time>
        <extensions>
          <gpxtpx:TrackPointExtension>
            <gpxtpx:hr>123</gpxtpx:hr>
          </gpxtpx:TrackPointExtension>
        </extensions>
      </trkpt>
      <trkpt lat="27.892938461625576" lon="102.23212600299982">
        <ele>0.0</ele>
        <time>2026-05-03T15:42:47Z</time>
        <extensions>
          <gpxtpx:TrackPointExtension>
            <gpxtpx:hr>123</gpxtpx:hr>
          </gpxtpx:TrackPointExtension>
        </extensions>
      </trkpt>
      <trkpt lat="27.892963470327754" lon="102.23213300836991">
        <ele>0.0</ele>
        <time>2026-05-03T15:42:48Z</time>
        <extensions>
          <gpxtpx:TrackPointExtension>
            <gpxtpx:hr>123</gpxtpx:hr>
          </gpxtpx:TrackPointExtension>
        </extensions>
      </trkpt>
      <trkpt lat="27.89298847962789" lon="102.23214101461643">
        <ele>0.0</ele>
        <time>2026-05-03T15:42:49Z</time>
        <extensions>
          <gpxtpx:TrackPointExtension>
            <gpxtpx:hr>123</gpxtpx:hr>
          </gpxtpx:TrackPointExtension>
        </extensions>
      </trkpt>
      <trkpt lat="27.893013493120442" lon="102.23215602700583">
        <ele>0.0</ele>
        <time>2026-05-03T15:42:50Z</time>
        <extensions>
          <gpxtpx:TrackPointExtension>
            <gpxtpx:hr>125</gpxtpx:hr>
          </gpxtpx:TrackPointExtension>
        </extensions>
      </trkpt>
      <trkpt lat="27.893040507563647" lon="102.23217204020047">
        <ele>0.0</ele>
        <time>2026-05-03T15:42:51Z</time>
        <extensions>
          <gpxtpx:TrackPointExtension>
            <gpxtpx:hr>125</gpxtpx:hr>
          </gpxtpx:TrackPointExtension>
        </extensions>
      </trkpt>
      <trkpt lat="27.89306452085948" lon="102.23218705260186">
        <ele>0.0</ele>
        <time>2026-05-03T15:42:52Z</time>
        <extensions>
          <gpxtpx:TrackPointExtension>
            <gpxtpx:hr>128</gpxtpx:hr>
          </gpxtpx:TrackPointExtension>
        </extensions>
      </trkpt>
      <trkpt lat="27.89308753396717" lon="102.23220206502516">
        <ele>0.0</ele>
        <time>2026-05-03T15:42:53Z</time>
        <extensions>
          <gpxtpx:TrackPointExtension>
            <gpxtpx:hr>128</gpxtpx:hr>
          </gpxtpx:TrackPointExtension>
        </extensions>
      </trkpt>
      <trkpt lat="27.893110547066804" lon="102.23221707743915">
        <ele>0.0</ele>
        <time>2026-05-03T15:42:54Z</time>
        <extensions>
          <gpxtpx:TrackPointExtension>
            <gpxtpx:hr>129</gpxtpx:hr>
          </gpxtpx:TrackPointExtension>
        </extensions>
      </trkpt>
      <trkpt lat="27.89313556111489" lon="102.23223309065581">
        <ele>0.0</ele>
        <time>2026-05-03T15:42:55Z</time>
        <extensions>
          <gpxtpx:TrackPointExtension>
            <gpxtpx:hr>130</gpxtpx:hr>
          </gpxtpx:TrackPointExtension>
        </extensions>
      </trkpt>
      <trkpt lat="27.893158578367565" lon="102.23225510916721">
        <ele>0.0</ele>
        <time>2026-05-03T15:42:56Z</time>
        <extensions>
          <gpxtpx:TrackPointExtension>
            <gpxtpx:hr>130</gpxtpx:hr>
          </gpxtpx:TrackPointExtension>
        </extensions>
      </trkpt>
      <trkpt lat="27.893177591313318" lon="102.23227112254632">
        <ele>0.0</ele>
        <time>2026-05-03T15:42:57Z</time>
        <extensions>
          <gpxtpx:TrackPointExtension>
            <gpxtpx:hr>131</gpxtpx:hr>
          </gpxtpx:TrackPointExtension>
        </extensions>
      </trkpt>
      <trkpt lat="27.893192611847503" lon="102.23230114824871">
        <ele>0.0</ele>
        <time>2026-05-03T15:42:58Z</time>
        <extensions>
          <gpxtpx:TrackPointExtension>
            <gpxtpx:hr>131</gpxtpx:hr>
          </gpxtpx:TrackPointExtension>
        </extensions>
      </trkpt>
      <trkpt lat="27.89320562783855" lon="102.2323241678816">
        <ele>0.0</ele>
        <time>2026-05-03T15:42:59Z</time>
        <extensions>
          <gpxtpx:TrackPointExtension>
            <gpxtpx:hr>131</gpxtpx:hr>
          </gpxtpx:TrackPointExtension>
        </extensions>
      </trkpt>
      <trkpt lat="27.893221635463295" lon="102.23233217434618">
        <ele>0.0</ele>
        <time>2026-05-03T15:43:00Z</time>
        <extensions>
          <gpxtpx:TrackPointExtension>
            <gpxtpx:hr>131</gpxtpx:hr>
          </gpxtpx:TrackPointExtension>
        </extensions>
      </trkpt>
      <trkpt lat="27.893240638885015" lon="102.23233217375179">
        <ele>0.0</ele>
        <time>2026-05-03T15:43:01Z</time>
        <extensions>
          <gpxtpx:TrackPointExtension>
            <gpxtpx:hr>132</gpxtpx:hr>
          </gpxtpx:TrackPointExtension>
        </extensions>
      </trkpt>
      <trkpt lat="27.89326464735574" lon="102.23233917909326">
        <ele>0.0</ele>
        <time>2026-05-03T15:43:02Z</time>
        <extensions>
          <gpxtpx:TrackPointExtension>
            <gpxtpx:hr>132</gpxtpx:hr>
          </gpxtpx:TrackPointExtension>
        </extensions>
      </trkpt>
      <trkpt lat="27.893291656957274" lon="102.23234718520872">
        <ele>0.0</ele>
        <time>2026-05-03T15:43:03Z</time>
        <extensions>
          <gpxtpx:TrackPointExtension>
            <gpxtpx:hr>132</gpxtpx:hr>
          </gpxtpx:TrackPointExtension>
        </extensions>
      </trkpt>
      <trkpt lat="27.893320666324797" lon="102.23235419038942">
        <ele>0.0</ele>
        <time>2026-05-03T15:43:04Z</time>
        <extensions>
          <gpxtpx:TrackPointExtension>
            <gpxtpx:hr>132</gpxtpx:hr>
          </gpxtpx:TrackPointExtension>
        </extensions>
      </trkpt>
      <trkpt lat="27.893343679934087" lon="102.23237020357752">
        <ele>0.0</ele>
        <time>2026-05-03T15:43:05Z</time>
        <extensions>
          <gpxtpx:TrackPointExtension>
            <gpxtpx:hr>131</gpxtpx:hr>
          </gpxtpx:TrackPointExtension>
        </extensions>
      </trkpt>
      <trkpt lat="27.89336569748897" lon="102.23239322286285">
        <ele>0.0</ele>
        <time>2026-05-03T15:43:06Z</time>
        <extensions>
          <gpxtpx:TrackPointExtension>
            <gpxtpx:hr>131</gpxtpx:hr>
          </gpxtpx:TrackPointExtension>
        </extensions>
      </trkpt>
      <trkpt lat="27.89339071084603" lon="102.23240823509515">
        <ele>0.0</ele>
        <time>2026-05-03T15:43:07Z</time>
        <extensions>
          <gpxtpx:TrackPointExtension>
            <gpxtpx:hr>132</gpxtpx:hr>
          </gpxtpx:TrackPointExtension>
        </extensions>
      </trkpt>
      <trkpt lat="27.89341572419502" lon="102.23242324731808">
        <ele>0.0</ele>
        <time>2026-05-03T15:43:08Z</time>
        <extensions>
          <gpxtpx:TrackPointExtension>
            <gpxtpx:hr>132</gpxtpx:hr>
          </gpxtpx:TrackPointExtension>
        </extensions>
      </trkpt>
      <trkpt lat="27.893440737535943" lon="102.23243825953165">
        <ele>0.0</ele>
        <time>2026-05-03T15:43:09Z</time>
        <extensions>
          <gpxtpx:TrackPointExtension>
            <gpxtpx:hr>132</gpxtpx:hr>
          </gpxtpx:TrackPointExtension>
        </extensions>
      </trkpt>
      <trkpt lat="27.89346375109697" lon="102.23245427266384">
        <ele>0.0</ele>
        <time>2026-05-03T15:43:10Z</time>
        <extensions>
          <gpxtpx:TrackPointExtension>
            <gpxtpx:hr>132</gpxtpx:hr>
          </gpxtpx:TrackPointExtension>
        </extensions>
      </trkpt>
      <trkpt lat="27.89348276745447" lon="102.23247629109817">
        <ele>0.0</ele>
        <time>2026-05-03T15:43:11Z</time>
        <extensions>
          <gpxtpx:TrackPointExtension>
            <gpxtpx:hr>131</gpxtpx:hr>
          </gpxtpx:TrackPointExtension>
        </extensions>
      </trkpt>
      <trkpt lat="27.893503780633406" lon="102.23249230426764">
        <ele>0.0</ele>
        <time>2026-05-03T15:43:12Z</time>
        <extensions>
          <gpxtpx:TrackPointExtension>
            <gpxtpx:hr>131</gpxtpx:hr>
          </gpxtpx:TrackPointExtension>
        </extensions>
      </trkpt>
      <trkpt lat="27.893527793757038" lon="102.23250731646941">
        <ele>0.0</ele>
        <time>2026-05-03T15:43:13Z</time>
        <extensions>
          <gpxtpx:TrackPointExtension>
            <gpxtpx:hr>131</gpxtpx:hr>
          </gpxtpx:TrackPointExtension>
        </extensions>
      </trkpt>
      <trkpt lat="27.89355480331064" lon="102.23251532252897">
        <ele>0.0</ele>
        <time>2026-05-03T15:43:14Z</time>
        <extensions>
          <gpxtpx:TrackPointExtension>
            <gpxtpx:hr>131</gpxtpx:hr>
          </gpxtpx:TrackPointExtension>
        </extensions>
      </trkpt>
      <trkpt lat="27.89357981660203" lon="102.2325303346851">
        <ele>0.0</ele>
        <time>2026-05-03T15:43:15Z</time>
        <extensions>
          <gpxtpx:TrackPointExtension>
            <gpxtpx:hr>130</gpxtpx:hr>
          </gpxtpx:TrackPointExtension>
        </extensions>
      </trkpt>
      <trkpt lat="27.893604829885348" lon="102.23254534683186">
        <ele>0.0</ele>
        <time>2026-05-03T15:43:16Z</time>
        <extensions>
          <gpxtpx:TrackPointExtension>
            <gpxtpx:hr>130</gpxtpx:hr>
          </gpxtpx:TrackPointExtension>
        </extensions>
      </trkpt>
      <trkpt lat="27.893630839248015" lon="102.23255335291005">
        <ele>0.0</ele>
        <time>2026-05-03T15:43:17Z</time>
        <extensions>
          <gpxtpx:TrackPointExtension>
            <gpxtpx:hr>128</gpxtpx:hr>
          </gpxtpx:TrackPointExtension>
        </extensions>
      </trkpt>
      <trkpt lat="27.893657848204022" lon="102.23256035809332">
        <ele>0.0</ele>
        <time>2026-05-03T15:43:18Z</time>
        <extensions>
          <gpxtpx:TrackPointExtension>
            <gpxtpx:hr>129</gpxtpx:hr>
          </gpxtpx:TrackPointExtension>
        </extensions>
      </trkpt>
      <trkpt lat="27.893684857742596" lon="102.23256836413522">
        <ele>0.0</ele>
        <time>2026-05-03T15:43:19Z</time>
        <extensions>
          <gpxtpx:TrackPointExtension>
            <gpxtpx:hr>128</gpxtpx:hr>
          </gpxtpx:TrackPointExtension>
        </extensions>
      </trkpt>
      <trkpt lat="27.893711871365788" lon="102.23258337619569">
        <ele>0.0</ele>
        <time>2026-05-03T15:43:20Z</time>
        <extensions>
          <gpxtpx:TrackPointExtension>
            <gpxtpx:hr>130</gpxtpx:hr>
          </gpxtpx:TrackPointExtension>
        </extensions>
      </trkpt>
      <trkpt lat="27.89373588910474" lon="102.23260639521453">
        <ele>0.0</ele>
        <time>2026-05-03T15:43:21Z</time>
        <extensions>
          <gpxtpx:TrackPointExtension>
            <gpxtpx:hr>130</gpxtpx:hr>
          </gpxtpx:TrackPointExtension>
        </extensions>
      </trkpt>
      <trkpt lat="27.89376090234719" lon="102.23262140731383">
        <ele>0.0</ele>
        <time>2026-05-03T15:43:22Z</time>
        <extensions>
          <gpxtpx:TrackPointExtension>
            <gpxtpx:hr>134</gpxtpx:hr>
          </gpxtpx:TrackPointExtension>
        </extensions>
      </trkpt>
      <trkpt lat="27.89378591616334" lon="102.23263742026154">
        <ele>0.0</ele>
        <time>2026-05-03T15:43:23Z</time>
        <extensions>
          <gpxtpx:TrackPointExtension>
            <gpxtpx:hr>133</gpxtpx:hr>
          </gpxtpx:TrackPointExtension>
        </extensions>
      </trkpt>
      <trkpt lat="27.89380893309648" lon="102.23265943840308">
        <ele>0.0</ele>
        <time>2026-05-03T15:43:24Z</time>
        <extensions>
          <gpxtpx:TrackPointExtension>
            <gpxtpx:hr>133</gpxtpx:hr>
          </gpxtpx:TrackPointExtension>
        </extensions>
      </trkpt>
      <trkpt lat="27.89382794580993" lon="102.23267545151315">
        <ele>0.0</ele>
        <time>2026-05-03T15:43:25Z</time>
        <extensions>
          <gpxtpx:TrackPointExtension>
            <gpxtpx:hr>134</gpxtpx:hr>
          </gpxtpx:TrackPointExtension>
        </extensions>
      </trkpt>
      <trkpt lat="27.893844957574053" lon="102.23269046381958">
        <ele>0.0</ele>
        <time>2026-05-03T15:43:26Z</time>
        <extensions>
          <gpxtpx:TrackPointExtension>
            <gpxtpx:hr>135</gpxtpx:hr>
          </gpxtpx:TrackPointExtension>
        </extensions>
      </trkpt>
      <trkpt lat="27.89385796860951" lon="102.23270547624175">
        <ele>0.0</ele>
        <time>2026-05-03T15:43:27Z</time>
        <extensions>
          <gpxtpx:TrackPointExtension>
            <gpxtpx:hr>135</gpxtpx:hr>
          </gpxtpx:TrackPointExtension>
        </extensions>
      </trkpt>
      <trkpt lat="27.893869975404478" lon="102.23271348270457">
        <ele>0.0</ele>
        <time>2026-05-03T15:43:28Z</time>
        <extensions>
          <gpxtpx:TrackPointExtension>
            <gpxtpx:hr>133</gpxtpx:hr>
          </gpxtpx:TrackPointExtension>
        </extensions>
      </trkpt>
      <trkpt lat="27.89387897702574" lon="102.23271348242304">
        <ele>0.0</ele>
        <time>2026-05-03T15:43:29Z</time>
        <extensions>
          <gpxtpx:TrackPointExtension>
            <gpxtpx:hr>133</gpxtpx:hr>
          </gpxtpx:TrackPointExtension>
        </extensions>
      </trkpt>
      <trkpt lat="27.89387397612504" lon="102.23271348257944">
        <ele>0.0</ele>
        <time>2026-05-03T15:43:30Z</time>
        <extensions>
          <gpxtpx:TrackPointExtension>
            <gpxtpx:hr>133</gpxtpx:hr>
          </gpxtpx:TrackPointExtension>
        </extensions>
      </trkpt>
    </trkseg>
  </trk>
</gpx>